Source,Target,Weight
函館昭和タウンプラザＡ棟,ユニクロ函館昭和タウンプラザ店,0.054669555714172355
函館昭和タウンプラザＡ棟,マックスバリュ石川店,1.9606905133969768
函館昭和タウンプラザＡ棟,コープさっぽろかじ店,2.6748912234644613
ユニクロ函館昭和タウンプラザ店,ヤマダ電機テックランド函館店,1.316355273066504
アクロス十字街,スーパーアークス大縄店,2.432943140319262
共愛会病院,マックスバリュ堀川店,0.7128362372088375
共愛会病院,ポールスターショッピングセンター,1.7357478868742262
函館空港国内線ターミナルビル,スーパーアークス戸倉店,1.1515494979927654
ヤマダ電機テックランド函館店,ポールスターショッピングセンター,0.4838710490388343
ポールスターショッピングセンター,ダイエー上磯店,3.019793267413227
コープさっぽろかじ店,スーパーアークス戸倉店,4.853001472120902
マックスバリュ石川店,本別中央会館,19.773581273047558
マックスバリュ堀川店,スーパーアークス大縄店,0.5583201494403787
ウイングベイ小樽,やわらぎ斎場小樽,1.2432048305486698
ウイングベイ小樽,朝里中央病院・朝里第３有料老人ホーム,3.858263416974374
やわらぎ斎場小樽,LUCKY　岩内店,57.55714007092713
朝里中央病院・朝里第３有料老人ホーム,友愛病院,51.1483961867263
DCMホーマック　春光店,医療法人　中島病院,2.698000623995032
DCMホーマック　春光店,介護老人保健施設　みやびの森,6.349849410103589
DCMホーマック　春光店,イオン名寄店,48.60903169883511
介護老人保健施設　みやびの森,第一地区農村公園公衆トイレ,8.044067553395722
デイサービスセンター泉寿園,フォーレスト柏木,0.16411177051877424
デイサービスセンター泉寿園,モルエA棟,2.559070861910482
デイサービスセンター泉寿園,イオン伊達店,17.24742121526458
モルエA棟,モルエB棟,0.0
モルエA棟,モルエC棟,0.0
モルエA棟,モルエA棟,0.0
モルエA棟,モルエA棟,0.0
モルエA棟,コープさっぽろ東むろらん店,2.4864149120435552
モルエA棟,本別中央会館,34.45832750207982
コープさっぽろ東むろらん店,ホーマック若草店,3.6336274382368834
スポーツデポ,イトーヨーカドー,0.196052010796072
スポーツデポ,市立釧路国民健康保険音別診療所.,81.20947988244271
100満ボルト,ドンキホーテ,1.4746780925407668
ホーマック,イトーヨーカドー,2.5321926352104023
ホーマック,ドンキホーテ,3.8140305544412656
ホーマック,イトーヨーカドー,0.26461141730185894
江別サティ,谷藤病院,0.41358574691322747
江別サティ,東野幌本町ビッグハウス,0.7712445525895301
特別養護老人ホーム静苑ホーム,友愛病院,0.0936829115597157
友愛病院,ホーマックスーパーデポ元江別店,1.4937770618442332
東野幌本町ビッグハウス,道と川の駅　花ロードえにわ,17.56427382355728
ホーマックスーパーデポ元江別店,谷藤病院,1.6480107845887007
上江別ショッピングセンターK棟,谷藤病院,1.299376650712243
上江別ショッピングセンターK棟,三笠イオンショッピングセンター,31.267992669911443
三楽荘,三笠イオンショッピングセンター,11.051172078648126
三楽荘,上富良野町保健福祉総合センター　かみん,65.2141227679171
三笠イオンショッピングセンター,留萌市立病院,61.58080579781199
道と川の駅　花ロードえにわ,追分ふれあいセンターい・ぶ・き,25.29415370297141
上富良野町保健福祉総合センター　かみん,ふれあいグリーンパーク公衆トイレ,21.55198781344183
LUCKY　岩内店,イオン伊達店,57.94706054655976
追分ふれあいセンターい・ぶ・き,ふれあいセンターびらとり,43.696563366603456
新冠町役場庁舎,高齢者共同生活施設あいあい荘,0.3167423111351309
新冠町役場庁舎,厚賀郵便局,11.901997876775578
イオン静内店,ホーマック静内店,0.1441396549139481
イオン静内店,高齢者共同生活施設あいあい荘,4.382219790243001
ふれあいセンターびらとり,厚賀郵便局,17.2045874430242
マックスバリュ静内店,ホーマック静内店,0.11337359259453636
コープさっぽろ　ほくと店,ダイエー上磯店,4.736627465475044
コープさっぽろ　ほくと店,ケアハウスはまなすの里,6.697289743312834
ケアハウスはまなすの里,知内保健・医療総合センター,30.448722526823314
知内保健・医療総合センター,八雲町ひらたない温泉あわびの湯,64.87147825937281
知内保健・医療総合センター,中央市民センター内真部分館,65.7590011023252
熊石ディサービスセンター,八雲町ひらたない温泉あわびの湯,0.8735755949302507
イオン名寄店,西条枝幸店,54.72094089551323
ふれあいグリーンパーク公衆トイレ,東川小学校・地域交流センター（複合施設となっています）,0.7984444433279664
第一地区農村公園公衆トイレ,東川小学校・地域交流センター（複合施設となっています）,3.5366186990817803
旭岳源水公衆トイレ,東川小学校・地域交流センター（複合施設となっています）,17.216054632338718
旭岳源水公衆トイレ,白滝高齢者総合生活福祉センターほのぼの,59.28037231899183
留萌市保健福祉センター　はーとふる,留萌市立病院,1.5818182695113001
留萌市保健福祉センター　はーとふる,とままえ温泉ふわっと,32.95900502914382
とままえ温泉ふわっと,ケーズデンキ稚内パワフル館,93.44220810284104
稚内フェリーターミナルビル,ホーマック稚内店,3.108151754556324
稚内フェリーターミナルビル,高齢者健康増進センター稚内温泉「童夢」,5.0141133677855905
枝幸町公衆浴場はまなす,西条枝幸店,0.6451794360434344
特別養護老人ホーム稚内緑風苑,ケーズデンキ稚内パワフル館,5.890322395867381
シティ稚内店,ホーマック稚内店,0.2868970925870453
シティ稚内店,ケーズデンキ稚内パワフル館,1.0245949093157831
遠軽町白滝総合支所,白滝活性化施設のびのび,0.9721048333563402
遠軽町白滝総合支所,遠軽町保健福祉総合センター,40.072174445970624
老人デイサービスセンター　くんねっぷ静寿園軽費老人ホーム　ケアハウスほなみ,ケアハウスサンガーデンさろま,25.96373083581172
ケアハウスサンガーデンさろま,遠軽町保健福祉総合センター,27.869628541635045
ケアハウスサンガーデンさろま,社会医療法人　恵和会　介護老人保健施設　アメニティ美幌,40.43503315105519
清里町コミニュティセンター,保健福祉総合センター,0.8763584878753251
サンライズ・ヨピト,医療法人社団　朗愛会　こが病院,6.627941728888205
サンライズ・ヨピト,スーパーアークス美幌店,17.36389551229958
緑の湯,保健福祉総合センター,13.878007078155422
緑の湯,ピュア・フィールド　風曜日,17.618796109286535
緑の湯,医療法人社団　朗愛会　こが病院,36.1334261411487
白滝高齢者総合生活福祉センターほのぼの,白滝活性化施設のびのび,2.249855502115724
遠軽町保健福祉総合センター,総合福祉センター「はーとぴあ２１」,32.33435032172715
社会医療法人　恵和会　介護老人保健施設　アメニティ美幌,スーパーアークス美幌店,0.42213004467536175
社会医療法人　恵和会　介護老人保健施設　アメニティ美幌,美幌町保健福祉総合センターしゃきっとプラザ,0.7850142021496722
紋別市立博物館,総合福祉センター「はーとぴあ２１」,0.6365412191864964
標茶町ふれあい交流センター,ピュア・フィールド　風曜日,24.20215722269878
標茶町ふれあい交流センター,遠矢コレクティブセンター,28.74684237579777
標茶町ふれあい交流センター,厚岸町保健福祉総合センターあみか21,35.352979345256585
鶴居村ふるさと情報館,イオンモール釧路昭和,18.730719818534478
イオンモール釧路昭和,DMCホーマック木場店,5.887389239985034
イオンモール釧路昭和,市立釧路国民健康保険音別診療所.,49.0620061445226
釧路町保健福祉センター　あいぱーる,DMCホーマック木場店,3.061565870617327
釧路町保健福祉センター　あいぱーる,遠矢コレクティブセンター,4.109349781670601
ホテルＪＡＬＣＩＴＹ青森,東洋信託銀行青森支店,0.12173139841696173
ユニバース沖館店,ユニバース沖館店（増築）,0.29736789379303313
ユニバース沖館店,ハイパーモールジョイシティー新築工事Ｂ棟,2.446532943622275
東洋信託銀行青森支店,青森駅前第二地区第一種市街地再開発ビル,0.4963360769838699
東洋信託銀行青森支店,イトーヨーカドー青森店　青森市,2.3910035820991085
浅虫道の駅,ホーマック東青森店,10.991533470100974
浅虫道の駅,イオン七戸十和田駅前店,35.939728358215625
ユニバース沖館店（増築）,ねぶたの家　ワ・ラッセ,1.053110168180329
青森駅前第二地区第一種市街地再開発ビル,ねぶたの家　ワ・ラッセ,0.20248902602389812
イトーヨーカドー青森店　青森市,ヤマダ電機青森店,1.2381386197820299
ハイパーモールジョイシティー新築工事Ｂ棟,ハイパーモールジョイシティー新築工事Ａ棟,0.0
ハイパーモールジョイシティー新築工事Ｂ棟,コロナワールド,0.15971288500295108
ハイパーモールジョイシティー新築工事Ｂ棟,ケーズデンキ青森西店,1.1023082241443023
ハイパーモールジョイシティー新築工事Ｂ棟,（有）ケイワールド社屋,2.828392426275231
中央市民センター内真部分館,ケーズデンキ青森西店,6.895575794869624
青森市スポーツ会館,ユニバース東青森店,1.8853244477837756
ヤマダ電機青森店,ユニバース東青森店,3.0511736345599485
西部市民センター,ケーズデンキ青森西店,1.7143678787833108
ユニバース東青森店,ホーマック東青森店,0.18687497869563774
（有）ケイワールド社屋,マックスバリュ黒石店,17.33273880834934
ユニバース南大町店,学校法人柴田学園東北女子大学,0.9373041286044049
ユニバース南大町店,弘前城東タウンプラザ,3.2281211512304178
ユニバース南大町店,イオンタウン弘前樋の口,4.716103417917496
イオンタウン安原ショッピングセンター,学校法人柴田学園東北女子大学,1.0366028160775764
弘前城東タウンプラザ,マックスバリュ平賀店,5.819171971442418
イオンタウン弘前樋の口,マックスバリュ板柳店,9.017950882524374
マックスバリュー八戸城下店,ヤマダ電機テックランド八戸店　（ピアドゥ施設内別棟）,1.1088405734815399
マックスバリュー八戸城下店,下田ショッピングセンター(本棟増築分),10.35406902591893
八戸沼館ショッピングセンターピアドゥ,トイザらス・ベビーザらス八戸店　（ピアドゥ施設内別棟）,0.016882303108095728
八戸沼館ショッピングセンターピアドゥ,ヤマダ電機テックランド八戸店　（ピアドゥ施設内別棟）,0.5386063774091105
ユニバース南類家店,イオン八戸田向店,0.9530624114542878
ユニバース南類家店,クローバーズピアこうようデイサービスセンターこうよう,1.6477831151105689
ユニバース八戸ニュータウン店,八戸市埋蔵文化財センター　是川縄文館,2.7470593587690626
スーパー銭湯　極楽湯　ピアドゥ八戸店　（ピアドゥ施設内別棟）,トイザらス・ベビーザらス八戸店　（ピアドゥ施設内別棟）,0.042397199359234285
スーパー銭湯　極楽湯　ピアドゥ八戸店　（ピアドゥ施設内別棟）,クローバーズピアこうようデイサービスセンターこうよう,0.6293207680905419
八戸市埋蔵文化財センター　是川縄文館,イオン八戸田向店,2.838420209619183
イオン八戸田向店,ユニバース階上店,12.65188950447913
マックスバリュ黒石店,マックスバリュ平賀店,6.083045168173061
マックスバリュおおわに店,マックスバリュ平賀店,5.874610195269824
イオンタウン三戸ショッピングセンター専門店,イオンタウン三戸ショッピングセンター,0.0
イオンタウン三戸ショッピングセンター専門店,サンデー三戸店,0.04342969733431431
イオンタウン三戸ショッピングセンター専門店,有料老人ホームかわらまち・にこにこプラザ,11.524382786387637
サンデー三戸店,一戸ショッピングセンター　イコオ,16.795232708403393
有料老人ホームかわらまち・にこにこプラザ,イオンスーパーセンター十和田店,7.957401795561037
エルムの街ショッピングセンター,エルムの街ショッピングセンター,0.17792631363621306
エルムの街ショッピングセンター,マックスバリュ板柳店,7.904694823013084
イオン柏ショッピングセンター本館,イオン柏ショッピングセンター食品館,0.0
イオン柏ショッピングセンター本館,デンコードー柏店,0.2517482690753527
デンコードー柏店,エルムの街ショッピングセンター,3.8555796102793347
下田ショッピングセンター,世田谷グランダ瀬田,5.254255863951119
スーパーカケモ西金崎店,マックスバリュ十和田東店,4.3397581332072415
スーパーカケモ西金崎店,イオン七戸十和田駅前店,10.539110021212956
下田ショッピングセンター(本棟増築分),下田ショッピングセンタースポーツ・100 円ショップ棟,0.0
下田ショッピングセンター(本棟増築分),下田ショッピングセンターTOHO シネタウン棟,0.0
下田ショッピングセンター(本棟増築分),下田ショッピングセンターTOHO シネタウン棟,0.0
下田ショッピングセンター(本棟増築分),イオン下田ショッピングセンター,0.0
下田ショッピングセンター(本棟増築分),イオン下田ショッピングセンター,0.0
下田ショッピングセンター(本棟増築分),マックスバリュー三沢店,9.174551408172599
マックスバリュ十和田南店,マックスバリュ十和田東店,0.014025512174165485
マックスバリュ十和田南店,イオンスーパーセンター十和田店,3.3332474440660884
イオンスーパーセンター十和田店,マックスバリュー三沢店,13.146937816185144
雫石駅,イオンモール盛岡･イオン盛岡店,14.104266496244689
イオン　前沢店,リサージュ四季の抄,8.435741459171844
イオン　前沢店,メガネの相沢　一関山目店,10.29728338414195
マックスバリュ　紫波店,マックスバリュ盛岡津志田店,10.536219014919443
マックスバリュ　紫波店,イオンタウン　北上　(マックスバリュー棟),21.35431845885888
一関市　川崎市民センター（生涯学習ステーション）,旧東和町役場庁舎,15.01895280154949
ツインモールプラザ（東館・西館）,イオンタウン　北上　(マックスバリュー棟),2.041837555752744
ツインモールプラザ（東館・西館）,イオンスーパーセンター　金ケ崎店,6.234756832139831
リサージュ四季の抄,コープ　Aterui,0.6212607391210461
リサージュ四季の抄,イオンスーパーセンター　金ケ崎店,8.516760652545079
メガネの相沢　一関山目店,旧金成町役場庁舎生涯学習センター,12.788604096944072
一戸ショッピングセンター　イコオ,イオンスーパーセンター盛岡渋民店,34.54558984632774
イオンタウン　釜石,ジャスコ気仙沼店,47.70565825316938
ビッグハウス上盛岡店,マックスバリュ盛岡駅前北通店,1.8750250684610452
ビッグハウス上盛岡店,いわて生協ベルフ山岸,2.361339359917243
ビッグハウス上盛岡店,住宅型有料老人ホーム　アルテプラド黒石野,2.6440561216267073
マックスバリュ盛岡津志田店,ケーズデンキ盛岡南店,0.43225803886908293
マックスバリュ盛岡津志田店,スポーツデポ盛岡南店,3.015594141788696
マックスバリュ盛岡駅前北通店,イオンモール盛岡南･イオン盛岡南店,1.9901552601049222
マックスバリュ盛岡駅前北通店,イオンモール盛岡･イオン盛岡店,3.4691966612849594
イオンモール盛岡南･イオン盛岡南店,ヤマダ電機テックランドNｅｗ盛岡本店,0.7528098021322825
住宅型有料老人ホーム　アルテプラド黒石野,イオンスーパーセンター盛岡渋民店,9.680304193632693
ヤマダ電機テックランドNｅｗ盛岡本店,スポーツデポ盛岡南店,0.3386559751307817
ヨークベニマル古川福浦店,ジラフィ100古川店,1.3709759689127399
ショッピングプラザハマダ,気仙沼市総合体育館ケーウェーブ,10.743567998019365
ショッピングプラザハマダ,旧東和町役場庁舎,19.752130240205183
みやぎ生協岩沼店,ヨークベニマル岩沼西店,2.227043524713639
みやぎ生協岩沼店,ジャスコ名取店,3.3411694691768696
イトーヨーカドー石巻あけぼの店,わたなべ整形外科,2.0948224095239643
イトーヨーカドー石巻あけぼの店,みやぎ生協石巻大橋店,3.911987214420035
旧東和町役場庁舎,みやぎ生協加賀野店,12.28760002496945
ジラフィ100古川店,コジマNEW大崎店,0.17780064908261187
仙台空港旅客ターミナル,ダイヤモンドシティ仙台名取ショッピングセンター,4.4168871235670775
仙台空港旅客ターミナル,みやぎ生協高砂支店,13.564740603710488
ヨークベニマル角田店,コメリパワー角田店,0.10817319554191882
みやぎ生協加賀野店,登米市消防防災センター,1.3925203460422801
宮城県古川合同庁舎,ジャスコ古川店,0.42054942916973825
宮城県古川合同庁舎,アインパルラ浦島,1.149817992579758
田尻町スキップセンター,アインパルラ浦島,5.619078154325083
田尻町スキップセンター,松山町保健福祉センターさんさん館,8.233600428316535
田尻町スキップセンター,くりはら斎苑,10.573128049279621
コメリパワー角田店,角田市総合福祉センター,0.3618511754248314
大崎市古川保健福祉プラザ,財団法人佐藤病院,0.399000822179773
大崎市古川保健福祉プラザ,電激倉庫古川バイパス店,1.3654336325386462
みやぎ生協石巻大橋店,道の駅　かほく,5.071826920868208
利府掖済（エキサイ）会病院,みやぎ生協利府店,1.7191673614638026
利府掖済（エキサイ）会病院,ヨークタウン利府野中,1.8527119798490197
東北歴史博物館,ヤマザワ多賀城店,0.348027433090494
東北歴史博物館,ヨークタウン利府野中,1.651359367911038
東北歴史博物館,多賀城小学校,1.7681265949619678
パレットおおさき,カインズホーム古川店,0.44009156019899176
パレットおおさき,電激倉庫古川バイパス店,0.8306648458416385
ヨークベニマル中新田店,イオンSuC加美店,1.9761738668112223
気仙沼市総合体育館ケーウェーブ,デイリーポート新鮮館気仙沼店,1.983997555655733
わくや天平の湯,イオンSuC涌谷店,0.49552089555479506
わくや天平の湯,河南町多目的ふれあい交流施設,6.013142803532847
気仙沼市民健康管理センターすこやか,気仙沼保健福祉事務所,0.7881413847167482
タカカツホームプラス佐沼店,ロックシティ佐沼,0.33786777757485204
タカカツホームプラス佐沼店,デイリーポート新鮮館佐沼店,0.6056237429704862
ボートピア川崎,川崎こころ病院,4.030486113332757
ボートピア川崎,七十七銀行蔵王支店,6.343561485622284
ロイヤルホームセンター塩釜店,みやぎ生協塩釜杉の入店,1.9823333951675097
ロイヤルホームセンター塩釜店,マックスバリュー多賀城鶴ヶ谷店,2.3669228906361153
旧金成町役場庁舎生涯学習センター,マックスバリュー金成店,4.388206265209612
旧金成町役場庁舎生涯学習センター,イオン栗原ショッピングセンター,4.542010925150175
フラップ大郷21（第二町民体育館）,介護老人保健施設羽生の丘オーベルジュ,2.5852427254699504
フラップ大郷21（第二町民体育館）,サテライト大和,8.302014868197757
ジャスコ古川店,財団法人佐藤病院,1.3038034334608681
電激倉庫古川バイパス店,コジマNEW大崎店,1.3488211552176144
電激倉庫古川バイパス店,短期入所生活介護施設楽々楽館,5.192591391848861
松山町保健福祉センターさんさん館,ヨークタウン涌谷,6.747224575697908
松山町保健福祉センターさんさん館,介護老人保健施設羽生の丘オーベルジュ,9.213836905878972
マックスバリュー柴田店,市街地再開発事業　オーガ,6.300210960504877
マックスバリュー柴田店,ショッピングパーク亘理,6.899327098824176
ジャスコ気仙沼店,デイリーポート新鮮館気仙沼店,2.3268188557133866
フォルテ　たのし館,市街地再開発事業　オーガ,1.5198971205693201
マックスバリュー河北店,道の駅　かほく,2.7011598174443203
市街地再開発事業　オーガ,ケーズデンキ大河原店,2.492792810409674
市街地再開発事業　オーガ,角田市総合福祉センター,6.9961555089299
七十七銀行蔵王支店,みやぎ生協大河原店,7.53720603468334
七十七銀行蔵王支店,白石カタクラショッピングセンター,9.25796869598388
みやぎ生協塩釜杉の入店,特養ホーム十符風の音,3.1237865039519885
デイリーポート新鮮館気仙沼店,気仙沼保健福祉事務所,0.1503433389488043
ジャスコ利府店,みやぎ生協利府店,0.31464050822055184
みやぎ生協亘理店,仙台銀行亘理支店,2.0323821019606796
みやぎ生協亘理店,ヨークベニマル岩沼西店,6.096734900564384
ヨークベニマル多賀城店,みやぎ生協高砂支店,1.0018696434216428
ヨークベニマル多賀城店,ヤマザワ多賀城店,1.2411218364204748
くりはら斎苑,ケーズデンキ築館店,2.0889680235075034
くりはら斎苑,一迫町地域交流センター,6.192057436400433
栗原中央病院,ビックハウス築館店,0.32711160606572265
栗原中央病院,ケーズデンキ築館店,0.8826421693806896
公立加美病院,加美老人保健施設,0.08462966005361772
公立加美病院,イオンSuC加美店,2.073177150515161
ヨークベニマル若柳店,イオン栗原ショッピングセンター,6.254735121496728
ヨークベニマル若柳店,ロックシティ佐沼,10.190171570076803
わたなべ整形外科,マックスバリュー矢本店,6.044512890684416
みやぎ生協明石台店,ヨークベニマル富谷明石台店,0.3928500798306194
みやぎ生協明石台店,介護老人保健施設　リーブズ,1.6307719824599158
介護老人保健施設　リーブズ,カインズホーム仙台富谷店,1.1207243294111973
介護老人保健施設　リーブズ,大和町庁舎,6.172495917458826
カインズホーム仙台富谷店,ジャスコ富谷店,0.2751232226418057
マックスバリュー矢本店,河南町多目的ふれあい交流施設,6.607516987461293
サテライト大和,大和町庁舎,3.64467806080209
介護老人保健施設羽生の丘オーベルジュ,特養ホーム十符風の音,5.207908078245162
仙台銀行亘理支店,ショッピングパーク亘理,0.7051843307292591
仙台銀行亘理支店,エイトタウン相馬　店舗Ｂ（ヨークベニマル棟）,20.469229798329724
短期入所生活介護施設楽々楽館,イオンSuC加美店,4.385631791615139
みやぎ生協名取西店,ジャスコ名取店,1.4599347347794007
みやぎ生協大河原店,ケーズデンキ大河原店,0.49202301303004825
白石カタクラショッピングセンター,七ヶ宿特別養護老人ホーム,17.337116688993483
デイリーポート新鮮館佐沼店,登米市消防防災センター,1.6950502002944272
特養ホーム十符風の音,松島町温水プール,5.567421895006838
七ヶ宿特別養護老人ホーム,ヨークベニマル平野店,15.261203406666533
七ヶ宿特別養護老人ホーム,マックスバリュ山形駅西口店,27.631989078818755
介護老人保健施設さくらの杜,ケーズデンキ大河原店,0.17809587208991104
マックスバリュー多賀城鶴ヶ谷店,多賀城小学校,0.3218588560098389
イオンSuC涌谷店,ヨークタウン涌谷,3.2017282694017712
ダイヤモンドシティ仙台名取ショッピングセンター,ジャスコ名取店,1.113252519558497
イオン栗原ショッピングセンター,ケーズデンキ築館店,5.315743960537234
マックスバリュ山形駅西口店,スマイルコート清住,1.2752085831889377
マックスバリュ山形駅西口店,ベル宮町,1.6722676069091318
ベル宮町,ベル北町,0.7877267003954029
ヨークベニマル山形嶋店,ベル北町,2.0412439607287722
スマイルコート清住,山辺町保健福祉・介護予防拠点センター,4.63146360595708
ベル北町,イオンモール天童,6.852846440987755
山辺町保健福祉・介護予防拠点センター,(仮称)イオンタウン南陽SM棟,22.831425573324147
ヨークタウン河北,イオンタウン寒河江中央店,5.909540524689269
ヨークタウン河北,ヨークベニマル新東根店,8.346727996952648
ヨークタウン河北,徳州苑,21.101580335677273
マックスバリュ高松店,イオンタウン寒河江中央店,4.0579180686521665
ヨークタウン天童,イオンモール天童,2.8933130108997225
ヨークタウン天童,ヨークベニマル新東根店,5.783263721774703
株式会社　ヨークベニマル,徳州苑,9.3858720899037
ヨークベニマル新南陽店,(仮称)イオンタウン南陽SM棟,2.3743561549613608
ヨークベニマル新南陽店,イオンタウン米沢　マックスバリュ棟,12.52035932216288
ヨークベニマル新南陽店,(仮称)ヨークベニマル長井小出,13.188414659544275
医療法人杏山会　吉川病院,(仮称)ヨークベニマル長井小出,3.5421120119707616
イオンタウン米沢　マックスバリュ棟,(仮称)ヨークベニマル米沢門東町店,2.6002193876785107
マックスバリュー藤島店,地域農産物活用型総合交流促進施設・コミュニティ施設,5.029576017004413
マックスバリュー藤島店,（仮称）グランドホーム「瑞穂の郷」,5.39149118406675
櫛引役場,協立リハビリテーション病院,1.1802866619619394
櫛引役場,月山ダム管理庁舎,9.50567646334117
ヤマザワ余目店,地域農産物活用型総合交流促進施設・コミュニティ施設,4.266620261258695
ヤマザワ余目店,コープなかのくち,8.163694967787267
ヤマザワ酒田旭新町店,コープなかのくち,1.1290315110631328
マックスバリュー鶴岡店,（仮称）くらしのセンターコープ千石,1.3024564619518304
マックスバリュー鶴岡店,（仮称）グランドホーム「瑞穂の郷」,2.536071848244354
マックスバリュー鶴岡店,協立リハビリテーション病院,2.9542607309525075
地域農産物活用型総合交流促進施設・コミュニティ施設,三川ショッピングセンター,4.3491242134999215
三川ショッピングセンター,イオン三川ショッピングセンター,0.0
ホームセンタームサシ鶴岡店,（仮称）くらしのセンターコープ千石,4.162351599941259
ホームセンタームサシ鶴岡店,マックスバリュあつみ店,31.77734982547296
マックスバリュあつみ店,ホームセンタームサシ村上,29.22657544236432
ヨークベニマル保原店,ザ・ビッグ鎌田店,7.838992503156832
イオンスーパーセンター鏡石店,メガステージ須賀川ヨークベニマル棟,4.868703305815734
イオンスーパーセンター鏡石店,ジャスコ那須店,37.18378207688265
メガステージ石川ヨークベニマル棟,メガステージ須賀川ヨークベニマル棟,13.299288809776984
メガステージ須賀川ヨークベニマル棟,ヨークベニマル方八町店,10.388550675397155
メガステージ田村ヨークベニマル棟,ヨークベニマル方八町店,21.283553933805603
メガステージ田村ヨークベニマル棟,ヨークベニマル太平寺店,27.907910619141564
ヨークベニマル西若松店,アピタ会津若松点,0.3407143710400214
ヨークベニマル西若松店,こころの医療センター,1.7470779380885393
アピタ会津若松点,那須青年自然の家,33.625711157050596
こころの医療センター,竹田綜合病院,0.0
こころの医療センター,ヨークベニマル町北町店,2.249562843552904
イオンスーパーセンター南相馬店,エイトタウン相馬　店舗Ｂ（ヨークベニマル棟）,15.100148066282056
ヨークベニマル平野店,メガネの相沢福島南矢野目店（認定時：メガネの相沢福島店）,1.8376813636440699
ヨークベニマル福島西店,ヨークベニマル福島泉店,1.386185023043455
ヨークベニマル吉倉店,ヨークベニマル太平寺店,1.6735362158461127
ヨークタウン野田店,ヨークベニマル福島泉店,1.1173886820063128
ヨークタウン野田店,みずほ銀行福島支店,1.3353297867021756
ヨークベニマル福島泉店,メガネの相沢福島南矢野目店（認定時：メガネの相沢福島店）,1.494793615336223
ヨークベニマル太平寺店,マックスバリュ大森店,0.6096208931794632
イオン福島（認定時：福島サティ）,メガネの相沢福島南矢野目店（認定時：メガネの相沢福島店）,0.19888469114505455
イオン福島（認定時：福島サティ）,ザ・ビッグ鎌田店,2.5571667255479915
マックスバリュ大森店,みずほ銀行福島支店,1.997372143098726
ヨークベニマル片平店,ヨークベニマル方八町店,7.151658580386482
ヨークベニマル勿来江栗店,カインズホーム北茨城店,6.824573818441718
ヨークベニマル勿来江栗店,ヨークベニマル内郷店,16.607018324914257
ヨークベニマル好間店,ヨークベニマル内郷店,0.9052346205698143
ヨークベニマル内郷店,ヨークベニマル上荒川店,2.4512880336764282
カスミ常澄店,ヨークベニマル大成店,3.5878144572668003
カスミ常澄店,ヨークベニマル水戸浜田店,4.64900668521937
カインズホーム北茨城店,エスコート磯原,4.420384445968159
カインズホーム日立店,カインズホーム日立店,0.0
カインズホーム日立店,カスミ鮎川店,8.173387211528318
カインズホーム日立店,カスミ馬渡店,8.34860090651582
カスミ千代田店,カスミピアシティ石岡中央店,6.869442383469609
カスミ千代田店,カスミ荒川本郷,11.982068902036595
カインズホームスーパーセンター結城店,ヨークベニマル結城四ツ京店,1.5322193839781766
カインズホームスーパーセンター結城店,ジャスコ小山店,3.1611990283618505
カスミみらい平駅前店,取手市立取手ウェルネスプラザ,8.675689166191244
カスミ大洋店,カインズホーム玉造店,19.46528261526933
ヨークベニマル板東店,杉戸町ふれあいセンター エコ・スポいずみ,11.692274362601312
カスミ岩間店,ヨークベニマル友部東平店,6.397000146639843
カスミ岩間店,カスミ笠間店,8.054651606164747
カスミ岩間店,カスミピアシティ石岡中央店,8.875126043060371
ヨークベニマル石岡店,カスミピアシティ石岡中央店,2.4201481464007295
ヨークベニマル石岡店,カスミ小川店,5.527073437473563
カスミ荒川本郷,ヨークベニマルひたち野うしく店,2.630697611940627
カスミ小川店,カインズホーム玉造店,9.080655716216507
カスミ瓜連店,カスミ佐和店,11.045784514653711
ヨークベニマル友部東平店,イオンモール水戸内原,5.315693380162036
ヨークベニマル牛久南店,ヨークベニマルひたち野うしく店,3.0839080841617332
ヨークベニマル牛久南店,我孫子市近隣センターふさの風,10.56421536335931
ヨークベニマル筑西横島店,イオンスーパーセンター真岡店,9.880581163720485
ヨークベニマル筑西横島店,カインズホーム下妻店,10.578331816052406
イオンモール水戸内原,ロゼオ水戸,10.019036249703984
ヨークベニマル水戸浜田店,ロゼオ水戸,5.805557672194118
ロゼオ水戸,スーパービバホーム水戸　県庁前店,0.0
マルトＳＣ滑川店,カスミフードスクエア日立神峰店,2.566113621231935
マルトＳＣ滑川店,ヨークベニマル中郷店,15.371838431494838
カスミ鮎川店,ヨークベニマル日立会瀬店,1.4075507870961652
ヨークベニマル日立会瀬店,カスミフードスクエア日立神峰店,1.63790439149112
エスコート磯原,ヨークベニマル中郷店,3.709304263735317
ベイシア古河総和店,カインズ・ベイシア棟,5.98126269544413
取手市立取手ウェルネスプラザ,我孫子北近隣センター並木本館,5.632472019059176
いばらきコープコープひたちなか店,ヨークベニマルひたちなか店,1.6036751811460532
いばらきコープコープひたちなか店,カスミ佐和店,1.6351073000815775
いばらきコープコープひたちなか店,カスミ馬渡店,2.829603991748526
ヨークベニマルひたちなか店,ヨークベニマル大成店,2.811705643128714
ヨークベニマル石井店,ベイシア宇都宮陽東店,2.355648593996129
ヨークベニマル細谷店,栃木県総合福祉プラザ,1.050723850680613
ヨークベニマル細谷店,総合リハビリテーションセンター,1.060482909390802
豊郷台ＮＳＣ,栃木県総合福祉プラザ,3.0037377943583112
栃木県総合福祉プラザ,コープ鶴田店,2.2469511889492377
栃木県総合福祉プラザ,栃木県庁舎,2.884628636340935
総合リハビリテーションセンター,ヨークベニマル鹿沼睦町店,10.271973333546905
コジマＮＥＷ東店,ベイシア宇都宮陽東店,0.5656697773312949
コジマＮＥＷ東店,ヨークベニマル泉が丘店,0.8844388017929893
コジマＮＥＷ東店,ヨークベニマル簗瀬店,2.2864923711579928
アピタ宇都宮店Ａ棟,アピタ宇都宮店Ｂ棟,0.0
アピタ宇都宮店Ａ棟,県立がんセンター,0.3358167383557509
アピタ宇都宮店Ａ棟,ヨークベニマル西川田店,1.809864524086152
子ども科学館,ヨークベニマル西川田店,1.8327186797007864
子ども科学館,ヨークタウン宇都宮針ヶ谷,2.9624809257564886
県立がんセンター,コープ鶴田店,2.692033457011063
ベイシア宇都宮陽東店,カインズホーム宇都宮テクノポリス店,8.27041617481602
ヨークベニマル泉が丘店,河内地域自治センター,5.621229415162794
インターパーク宇都宮南,宇都宮市立南図書館,2.656848851969876
ヨークベニマル簗瀬店,宇都宮記念病院,1.390952991014346
栃木県庁舎,宇都宮記念病院,0.952173057889968
カスミテクノポリス宇都宮店,カインズホーム宇都宮テクノポリス店,0.2787571814224724
宇都宮市立南図書館,ヨークタウン宇都宮針ヶ谷,2.5507293596230487
ヨークタウン宇都宮針ヶ谷,下野市保健福祉センターきらら館,4.08779954132991
河内地域自治センター,ヨークベニマル氏家店,6.082902298532302
ヨークタウン足利,安足健康福祉センター,3.7682275584720544
ヨークタウン足利,イオン太田ショッピングセンター,5.283571188906897
ヨークタウン足利,とりせん邑楽町店,5.42891124094504
安足健康福祉センター,カインズホーム大月店,0.3430804891826084
カインズホーム大月店,フォリオ佐野店,10.195302342834868
とちぎCOOP,ヨークベニマル栃木祝町店,2.2962944597617416
とちぎCOOP,ヨークベニマル小山ゆうえんち店,8.22948932348684
保健福祉センター,ベイシア電器大平モール,1.7673403286552491
カインズホーム大平店,ベイシア電器大平モール,0.1901223264419757
カインズホーム大平店,ヨークベニマル栃木祝町店,2.925616377739709
ベイシア電器大平モール,ヨークベニマル栃木大平町店,0.713767172233538
ヨークベニマル栃木大平町店,ヨークベニマル佐野伊勢山町店,11.380354905653846
フォリオ佐野店,佐野厚生総合病院,1.9817814447681257
佐野厚生総合病院,ヨークベニマル佐野伊勢山町店,3.569583275293302
イオンモール佐野新都市,コジマNEW佐野店,0.22471037928464607
イオンモール佐野新都市,ヨークベニマル佐野伊勢山町店,1.5096052759779863
ヨークベニマル鹿沼睦町店,上都賀総合病院,0.7402050727910232
ヨークベニマル鹿沼睦町店,コジマＮＥＷ日光店,14.09901747728589
ジャスコ今市店,カインズホーム今市店,0.7042797508955726
ジャスコ今市店,コジマＮＥＷ日光店,0.7973129458130783
ジャスコ今市店,ヤオハンスーパー今市店,1.0991670438087717
藤原高齢福祉センター「ふじの郷」,カインズホーム今市店,5.202604783909621
ジャスコ小山店,ジャスコ小山店,0.0
ジャスコ小山店,コジマNEW小山店,3.3113394960737774
コジマNEW小山店,ヨークベニマル雨ヶ谷店,1.3306122428269018
コジマNEW小山店,ヨークベニマル小山ゆうえんち店,2.8934981200849106
ヨークベニマル小山ゆうえんち店,下野市保健福祉センターゆうゆう館,5.525048049153582
ヨークベニマル大田原店,イオンSuC那須塩原店,5.627929044981663
ヨークベニマル大田原店,国際医療福祉大学,6.651848495931364
国際医療福祉大学,おもしろ魚館,9.489088197875997
おもしろ魚館,那珂川町小川総合福祉センター,2.3502454954536467
ヨークベニマル那須塩原店,ジャスコ那須店,1.9452090378929086
ヨークベニマル那須塩原店,イオンSuC那須塩原店,7.131892897281043
保健福祉センター,南那須図書館,0.0
保健福祉センター,ベイシアショッピングセンター,6.762380030000266
保健福祉センター,道の駅喜連川,8.695998030480299
カスミストアー,自治医科大学　新館,5.37888065540962
カスミストアー,コジマNEW真岡店,8.626171823982885
広重美術館,那珂川町小川総合福祉センター,4.48098742975929
広重美術館,ベイシアショッピングセンター,6.865796544639088
益子勤労者総合スポーツ施設,かましん益子ショッピングタウン,2.7925931131602626
イオンスーパーセンター真岡店,コジマNEW真岡店,1.92275543936893
イオンスーパーセンター真岡店,とりせん東光寺店,2.7041063442766116
とりせん東光寺店,かましん益子ショッピングタウン,7.744624604286086
ヨークベニマル矢板店,カインズホーム矢板店,1.097343186152174
ヨークベニマル矢板店,たかはら学園・たかはら育成園,5.716384385151376
ヨークベニマル氏家店,イオンスーパーセンターさくら店,1.7058864169733257
ヨークベニマル氏家店,たかはら学園・たかはら育成園,5.274989833688336
ジャスコ那須店,那須青年自然の家,12.384182525234078
道の駅喜連川,道の駅喜連川,0.0
道の駅喜連川,喜連川町庁舎,0.9298469030170856
喜連川町庁舎,コジマ電機さくら店,5.4126051082740005
イオンスーパーセンターさくら店,コジマ電機さくら店,0.2627865409286198
祇園ショッピングビル（スポーツカムイ自治医大店）,自治医科大学　新館,1.6371356271925552
祇園ショッピングビル（スポーツカムイ自治医大店）,下野市保健福祉センターゆうゆう館,2.2003236355923073
下野市保健福祉センターきらら館,自治医科大学　新館,3.647235074571672
自治医科大学　新館,自治医科大学　とちぎ子ども医療センター,0.0
前橋市総合福祉会館,カインズホーム前橋吉岡モール　Ａ棟,6.484382767533925
カインズ吉井,独立行政法人国立病院機構高崎病院,5.480649653868845
カインズ吉井,カインズホームスーパーセンター富岡甘楽店,7.673423842132644
旭町ビル,ヤマダ電機LABI1高崎,0.22134597364426203
旭町ビル,独立行政法人国立病院機構高崎病院,1.0416319570217882
旭町ビル,高崎市総合福祉センター,1.0982685419369744
高崎市総合福祉センター,とりせん群馬町店,3.0012751613880373
イオン高崎店,とりせん菅谷店,1.454870175423476
イオン高崎店,とりせん群馬町店,1.5920467017973745
イオン高崎店,カインズホーム前橋吉岡モール　Ａ棟,3.3051211604678095
ヤマダ電機LABI1高崎,ジョイマート藤岡店,10.062695399959509
独立行政法人国立病院機構高崎病院,医療センター･図書館,0.39561964191571614
イオン太田ショッピングセンター,ﾍﾞｲｼｱ太田モール（ﾍﾞｲｼｱ電器棟）,2.177329130066958
ﾍﾞｲｼｱ太田モール（ﾍﾞｲｼｱ電器棟）,ﾍﾞｲｼｱ太田モール（ﾍﾞｲｼｱ・ｶｲﾝｽﾞ棟）,0.20495661462362005
ﾍﾞｲｼｱ太田モール（ﾍﾞｲｼｱ電器棟）,カインズホーム大泉店,1.882185804858385
ﾍﾞｲｼｱ太田モール（ﾍﾞｲｼｱ・ｶｲﾝｽﾞ棟）,コープ新井店,1.8871194802585973
とりせん太田新井店,コープ新井店,0.30486521623351565
コープ新井店,とりせん太田八幡町店,1.1440202167910645
とりせん太田八幡町店,ベイシアフードセンター大間々店,14.77149814964824
ベイシア子持ＳＣ店,カインズホーム渋川有馬店,3.8644536733737387
ベイシア子持ＳＣ店,セキチュー沼田恩田店,11.769303850208084
カインズ沼田店,セキチュー沼田恩田店,9.995027190461691
ベイシア富岡ＳＣ店,カインズホームスーパーセンター富岡甘楽店,6.240656717330504
ベイシア富岡ＳＣ店,ﾂﾙﾔ軽井沢店,31.058682179752072
カインズホーム渋川有馬店,カインズホーム前橋吉岡モール　Ａ棟,4.535356891446625
ベイシア吾妻店,ベイシア月夜野店,21.112459849805685
ベイシア月夜野店,セキチュー沼田恩田店,4.6590083244327385
ベイシア月夜野店,原信　塩沢店,32.52615174065443
カインズホーム前橋吉岡モール　Ａ棟,カインズホーム前橋吉岡モール　Ｂ棟,0.0
ジョイマート藤岡店,カインズホーム　上里店,8.555971167805028
とりせん邑楽町店,（仮）行田市総合福祉会館,6.674197827225949
(仮)竹内ビル　サミット東浦和,ヨークマート　三室店,2.1748121151029935
(仮)竹内ビル　サミット東浦和,ダイヤモンドシティ　キャラ,2.5242913120483768
(仮)久喜市福祉センター,久喜市清久コミュニティセンター,1.657291063249791
(仮)久喜市福祉センター,カインズホーム　蓮田店,4.014520640772533
(仮)熊谷市第２文化センター,西友　東松山店,3.481035369083789
(仮)熊谷市第２文化センター,さいたまコープ　吹上店,3.481796753069145
杉戸町ふれあいセンター エコ・スポいずみ,幸手市保健福祉総合センター（ウェルス幸手）,5.826856348977011
(仮)ナーシングセンター高麗,ファミリーまるひろ　日高店,0.8015828947559628
(仮)ナーシングセンター高麗,丸広百貨店　東飯能店,3.0711496911754144
さいたまセレモニーホール本庄,医療法人本庄福祉病院老人保健施設　彩の苑,1.1359708783045745
さいたまセレモニーホール本庄,カインズホーム　上里店,2.085602116300874
マルエツ　蓮田椿山店,ライフ　蓮田店,2.311552255541804
マルエツ　蓮田椿山店,カインズホーム　蓮田店,2.724153781549791
(仮)春日部市総合福祉センター,都市型児童センターほか,0.8162645903626713
(仮)春日部市総合福祉センター,さいたまコープ　ポレール東岩槻店,3.712970989594191
(仮)春日部市健康福祉センター　武里出張所,厚川ショッピングビル（マルエツ）,2.0739310640007385
(仮)春日部市健康福祉センター　武里出張所,カインズホーム　松伏店,4.342736352124026
フードプラス　新座店,マルエツ　朝霞溝沼店,1.711288893688266
フードプラス　新座店,（仮）志木小学校等複合施設,2.509487639715607
さいたまコープ　リリヴ深谷,ベイシア電器,8.345282712165714
西友　東松山店,ピオニウォーク（アピタ東松山店）,3.265841310480393
西友　東松山店,ベイシア　滑川店,4.5629585060253195
医療法人本庄福祉病院老人保健施設　彩の苑,トステムビバ　本庄店,0.9784870152380721
ヨークマート　三室店,さいたまコープ　ポレール浦和東店,1.3315151139695331
吉川市民交流センターおあしす･市立図書館,イオン越谷レイクタウンショッピングセンター,3.051311278235105
さいたまコープ　ポレール狭山店,所沢市立富岡地区老人憩の家　とみおか荘,3.190129372373477
ショップモールビッグベア,熊谷サティ,2.4134999754285102
ヨークマート　戸田下前店,医療法人社団東光会　戸田中央総合病院,1.0315082809535858
ヨークマート　戸田下前店,（仮称）ララガーデン川口,1.0890853107205931
（仮）行田市総合福祉会館,カインズホーム　行田店,4.721932579755291
大井サティ,大井町総合福祉センター,0.7939550240458555
大井サティ,イトーヨーカドー　上福岡店,1.7902309137243002
（仮）ペリカンビル,イトーヨーカ堂　蕨店,0.9896942717943301
（仮）ペリカンビル,（仮称）コープ南浦和　新築工事,1.1955885748313797
所沢市立富岡地区老人憩の家　とみおか荘,所沢市民体育館,1.6707104185072095
所沢市立富岡地区老人憩の家　とみおか荘,第２優々保育園,3.0992558947033055
サミットストア　川口青木店,イトーヨーカドー　川口アリオ店,1.5633590571428286
サミットストア　川口青木店,（仮称）上青木３丁目有料老人ホーム,1.5744151827835287
マルエツ　安行慈林店,西友　川口赤山店,0.9876108196254357
マルエツ　安行慈林店,サミットストア　赤井店,1.1782409082843202
マルエツ　安行慈林店,（仮称）コープ草加　新築工事,2.770450769975715
マルエツ　大宮砂町店,（仮称）コープ　中川店,2.352278163757809
マルエツ　大宮砂町店,ライフ　蓮田店,3.316907740685037
春日部市男女共同参画推進総合センター,厚川ショッピングビル（マルエツ）,0.5604284649383933
春日部市男女共同参画推進総合センター,都市型児童センターほか,2.1078432050297216
カインズホーム　松伏店,越谷広域斎場（仮称）,3.2604836039813447
(仮)朝霞市総合福祉会館,マルエツ　朝霞溝沼店,1.908890171693906
マルエツ　上尾平塚店,いなげや　上尾春日店,2.29074111970428
マルエツ　上尾平塚店,マミーマート　桶川店,2.855612145745808
マミーマート　桶川店,コープ桶川　坂田店,0.6077463533457673
皆野病院,ベイシア　寄居北店,12.369887006732148
さいたまコープ　吹上店,ベイシア電器　行田店,1.671322890344731
さいたまコープ　吹上店,秋桜,3.7121086912437677
さいたまコープ　吹上店,ティアラ２１,5.828596433519429
ファミリーまるひろ　日高店,ベイシア電器棟,4.3286889695479385
ファミリーまるひろ　日高店,カインズホーム　越生店,7.360955789258469
豊岡第一南地区第一種市街地再開発事業施設（アイポット）,イオン　入間ショッピングセンター,1.475823042293429
トステムビバ　本庄店,ベイシア　寄居北店,9.108341284125174
所沢地区老人憩いの家　ところ荘･ところ荘デイサービスセンター,西友　西所沢店,0.6241818662752966
所沢地区老人憩いの家　ところ荘･ところ荘デイサービスセンター,所沢市民体育館,1.3483705925585063
所沢地区老人憩いの家　ところ荘･ところ荘デイサービスセンター,ヨークマート東村山店,3.975343808064749
東急ストア　上尾店,さいたまコープ　今泉店,1.300965582452522
大宮サティ,鉄道博物館,0.9243850391186195
大宮サティ,マルエツ　西大宮駅前店,3.1764142206661172
久喜市清久コミュニティセンター,スーパーオートバックスＫｕｋｉ,3.4384271944957105
久喜市清久コミュニティセンター,加須市民総合会館,5.700841356823842
スーパーオートバックスＫｕｋｉ,カインズ・ベイシア棟,4.563897777572273
スーパーオートバックスＫｕｋｉ,幸手上高野ショッピングセンター（西館）,5.375465028242588
熊谷サティ,ティアラ２１,1.7271707745670535
（仮）志木小学校等複合施設,志木小学校等複合施設,0.0
大井町総合福祉センター,サミット　川越藤間店,2.073972489155455
大井町総合福祉センター,所沢市東部クリーンセンターリサイクル館,4.676779979714792
入間市健康福祉センター,イオン　入間ショッピングセンター,0.8227203659133502
丸広百貨店　東飯能店,カインズホーム　飯能店,2.4313398701250617
カインズホーム　飯能店,ザ。モール瑞穂,3.945810444948302
西友　西所沢店,いなげや　所沢西武園店,2.0927368932313057
いなげや　上尾春日店,さいたまコープ　今泉店,1.5040601890465783
西友　川口赤山店,ダイヤモンドシティ　キャラ,2.4325793044248933
西友　川口赤山店,イオン　浦和美園ショッピングセンター,4.283876078265228
ダイヤモンドシティ　キャラ,ダイヤモンドシティ　キャラ,1.808409975980126
西友　草加店,マルエツ　草加八幡店,2.338952139845125
西友　草加店,ヨークマート,4.0106242554922105
西友　中浦和店,さいたまコープ　ポレール武蔵浦和店,1.2426338210724217
西友　中浦和店,カタクラショッピングモールP棟,3.5648929743120483
西友　蒲生伊原店,マルエツ　草加八幡店,1.0314898032898234
西友　蒲生伊原店,イオン越谷レイクタウンショッピングセンター,2.837657627483932
所沢市東部クリーンセンターリサイクル館,ハンセン病資料館,3.1567296313000037
加須市民総合会館,騎西町立生涯学習施設,2.267874057822497
騎西町立生涯学習施設,イオンモール羽生,5.693761975410402
イトーヨーカ堂　蕨店,医療法人社団東光会　戸田中央総合病院,0.9046611967717526
カインズホーム　鶴ヶ島店,ベイシア　鶴ヶ島店,0.6198964204952206
さいたまコープ　ポレール武蔵浦和店,イオン　北戸田ショッピングセンター,1.6362733102182032
カタクラショッピングモールP棟,（仮称）コープ　中川店,2.3750540379753766
カタクラショッピングモールP棟,鉄道博物館,2.9824555248805558
幸手市保健福祉総合センター（ウェルス幸手）,幸手上高野ショッピングセンター（西館）,2.3765398860835454
大川家具　鶴ヶ島店,ベイシア　鶴ヶ島店,0.35278426633737636
大川家具　鶴ヶ島店,ベイシア電器棟,1.7505442329643726
イオン　入間ショッピングセンター,第２優々保育園,3.559592073717203
北川辺学習＆活動センター,カインズ・ベイシア棟,6.00682713087944
北本市立南小学校,コープ桶川　坂田店,3.8992520516325415
いなげや　川口５丁目店,イトーヨーカドー　川口アリオ店,0.578524046586607
いなげや　川口５丁目店,（仮称）ララガーデン川口,1.2112822618587835
越谷広域斎場（仮称）,イオン越谷レイクタウンショッピングセンター,3.0499575893290563
越谷吉伸病院老人デイサービス棟,（仮称）コープ草加　新築工事,0.9166971786603983
ベイシア　寄居北店,ベイシア電器,3.1342809840000427
イオン　北戸田ショッピングセンター,（仮称）コープ南浦和　新築工事,1.9666603159430764
スーパービバホーム　三郷店　テナント棟,スーパービバホーム　三郷店　ビバホーム棟,0.0
スーパービバホーム　三郷店　テナント棟,イトーヨーカドー　三郷店,0.35115606695987733
スーパービバホーム　三郷店　テナント棟,三郷戸ヶ崎ビル,3.4567065093167204
三郷戸ヶ崎ビル,(仮称)大信倉庫ビル,2.0750449015982007
三郷戸ヶ崎ビル,医療法人財団松圓会東葛クリニック病院,3.909500977502335
いなげや　新座野寺店,いなげや,0.0
いなげや　新座野寺店,サミットストア　新座片山店,0.84518120363112
浦和駅東口公共地下駐車場（仮称）,浦和駅東口公衆トイレ（仮称）　新築工事,0.08321089711447556
鉄道博物館,鉄道博物館,0.0
カインズホーム　滑川店,ベイシア　滑川店,0.17935535308537853
幸手上高野ショッピングセンター（西館）,幸手上高野ショッピングセンター（東館）,0.0
カインズホーム　川島インター店,カインズ　川島店,0.1338651025427362
カインズホーム　川島インター店,いなげや　川越旭町店,6.308642793348731
さいたまコープ　今泉店,カインズホーム　大宮店,2.22363676757156
（仮称）上青木３丁目有料老人ホーム,ダイヤモンドシティ　キャラ,0.8747229647573463
カインズホーム　大宮店,（仮称）カインズホーム大宮店　園芸館,0.0
カインズホーム　大宮店,マルエツ　西大宮駅前店,1.154754667281315
ベイシアフードセンター　行田店,カインズホーム　行田店,0.2878603256046608
カインズホーム　行田店,ベイシア電器　行田店,0.14104587357548024
ベイシア電器,ケージーエス（株）　事務所棟,7.401816163399238
カインズ　川島店,ベイシア　川島店,0.225964040382578
ベイシア電器　川島店,ベイシア　川島店,0.1117214662997688
ベイシア電器　川島店,ピオニウォーク（アピタ東松山店）,6.4139279428455485
いなげや　所沢西武園店,いなげや小平小川橋店,3.774890564125656
浦和駅東口公衆トイレ（仮称）　新築工事,（仮称）コープ南浦和　新築工事,1.5894925958516237
（仮称）ララガーデン川口,浮間中央病院,1.844785321637128
サミットストア　新座片山店,東大泉病院,2.0273537640100074
サミットストア　新座片山店,サミット大泉店,2.1935508000727935
ケージーエス（株）　事務所棟,カインズホーム　越生店,7.712486049127834
サミット　川越藤間店,いなげや　川越旭町店,3.158912222499539
イオン越谷レイクタウンショッピングセンター,（仮称）イオン越谷レイクタウンサイドショッピングセンター新築工事１街区,0.0
イオン越谷レイクタウンショッピングセンター,（仮称）イオン越谷レイクタウンサイドショッピングセンター新築工事２街区,0.0
イオン越谷レイクタウンショッピングセンター,（仮称）イオン越谷レイクタウンサイドショッピングセンター新築工事３街区,0.0
マルエツ　朝霞溝沼店,サミット大泉店,2.463627662924682
(仮称)鎌ヶ谷SC,介護老人保健施設シルバーケア松戸,2.6615424132270573
イオンタウン館山,(仮称）ロックシティ館山,0.00033358478125267155
イオンタウン館山,(仮称）カインズホーム富津店,27.654898749695565
(仮称)ベイシア東金店,カスミ東金田間店,0.3238031385256082
(仮称）カインズホーム富津店,イオンモール木更津,7.233263147717078
イオン千葉ニュータウンSC南棟,我孫子市近隣センターふさの風,5.222361369696258
イオン千葉ニュータウンSC南棟,ゆりのき台ショッピングプラザ,6.199638662578764
カスミ東金田間店,あすみが丘ショッピングプラザ,13.431758730000796
浦安市日の出公民館,イトーヨーカドー新浦安店,0.13367870643850674
イトーヨーカドー新浦安店,浦安市障がい者福祉センター,2.33129208575467
浦安市障がい者福祉センター,杉の子育英幼稚園　あおぞらえん,2.274697182395185
浦安市障がい者福祉センター,浦安市斎場,2.5665312559902
浦安市斎場,三井アウトレットパーク木更津,16.54877314620171
ゆりのき台ショッピングプラザ,カスミ八千代大和田店,1.1456413610856213
ゆりのき台ショッピングプラザ,イトーヨーカドー八千代店,1.6194653889981776
カスミ八千代大和田店,八千代市消防本部・中央消防署,0.3623334092818482
カスミ八千代大和田店,（仮称）スーパー花見川ビル,2.362978825966866
イトーヨーカドー八千代店,フルルガーデン専門店モール,0.11732530002937638
緑が丘公民館・図書館,イオン八千代緑が丘ショッピングセンター,0.3627521300080726
緑が丘公民館・図書館,八千代市消防本部・中央消防署,2.173089653838625
イオン,船橋市西部地区消防保健センター,2.759973843108709
イオン,介護老人保健施設シルバーケア松戸,5.487825354412254
イオン,（仮称）イオンモール幕張新都心新築工事　Ｅ棟,7.38957550971134
ベイシア電器佐倉店,カインズホーム佐倉店,0.16711605520683265
ベイシア電器佐倉店,（仮称）カスミ千城台店,8.857469752380368
ベイシア佐倉店,カインズホーム佐倉店,0.13335210465818775
ららぽーと柏の葉,モラージュ柏,2.2310867401259973
医療法人財団松圓会東葛クリニック病院,医療法人財団松圓会東葛クリニック病院,0.0
医療法人財団松圓会東葛クリニック病院,馬橋ステーションモール,3.124646027722727
介護老人保健施設シルバーケア松戸,介護老人保健施設シルバーケア松戸,0.0
介護老人保健施設シルバーケア松戸,ヨークマート六高台店,2.3193206997850053
セブンタウン常盤平,セブンタウン常盤平,0.0
セブンタウン常盤平,ヨークマート青葉台,1.087815046437971
セブンタウン常盤平,馬橋ステーションモール,3.9024906316396817
新松戸吉田ビル,新松戸吉田ビル,0.0
新松戸吉田ビル,馬橋ステーションモール,1.2986931382175841
ヨークマート六高台店,ヨークマート六高台店,0.0
ヨークマート六高台店,ヨークマート青葉台,3.2013243158039635
馬橋ステーションモール,馬橋ステーションモール,0.0
馬橋ステーションモール,医療法人社団誠馨会新東京病院,3.003164002165499
医療法人社団誠馨会新東京病院,医療法人社団誠馨会新東京病院,0.0
ベイシア市原八幡店,千葉市総合スポーツ公園市民球場,2.9180862655500936
ベイシア市原八幡店,アリオ市原,3.372213405644866
スーパービバホームちはら台店,イオンおゆみ野ショッピングセンター,2.1988214741767003
カインズホーム市原店,アリオ市原,0.29623974975396333
我孫子北近隣センター並木本館,柏市総合保健医療福祉施設,3.266051231420448
柏市総合保健医療福祉施設,モラージュ柏,2.3443397540298103
柏市総合保健医療福祉施設,ヨークマート青葉台,5.645181922699101
（仮称）カスミ千城台店,千葉市若葉いきいきプラザ,1.3553081336073458
（仮称）カスミ千城台店,千葉市大宮学園,2.6048915261826
（仮称）イオンタウン稲毛長沼,長沼ショッピングプラザ,0.5273744539620319
（仮称）イオンタウン稲毛長沼,（仮称）千葉市稲毛区長沼コミュニティセンター,0.9963371712807833
（仮称）イオンタウン稲毛長沼,千葉市花見川図書館　他,2.22088812441587
（仮称）イオンモール幕張新都心新築工事　ＡＢＣ区画,（仮称）イオンモール幕張新都心新築工事　Ｄ区画,0.0
（仮称）イオンモール幕張新都心新築工事　ＡＢＣ区画,（仮称）イオンモール幕張新都心新築工事　Ｄ棟,0.0
（仮称）イオンモール幕張新都心新築工事　ＡＢＣ区画,（仮称）イオンモール幕張新都心新築工事　Ｅ棟,0.4066893712825805
（仮称）イオンモール幕張新都心新築工事　ＡＢＣ区画,イトーヨーカ堂幕張店,2.1608690632062593
千葉市看護師養育施設,千葉市立青葉病院,0.0
千葉市看護師養育施設,カスミ都町店,1.2076878281677177
千葉市看護師養育施設,千葉市立郷土博物館,1.2808924513976476
（仮称）千葉市緑区保健福祉センター,千葉市斎場,0.797907739001372
（仮称）千葉市緑区保健福祉センター,村の市場おゆみ野店,1.4030089044923362
県警本部新庁舎,千葉市立郷土博物館,0.41430913914371176
県警本部新庁舎,千葉市神明公民館,1.06994593753871
県警本部新庁舎,（仮称）イトーヨーカドー蘇我店,1.31661707446903
村の市場おゆみ野店,イオンおゆみ野ショッピングセンター,0.6074500529550546
村の市場おゆみ野店,おゆみ野公民館,0.9763540133089584
ケーズリゾートビル,千葉市神明公民館,1.5176747481820887
千葉市花見川区保健福祉センター,（仮称）全共連幕張総合研修センター,1.7936149701701243
千葉市花見川区保健福祉センター,エクセルシオール八千代台,3.0905353374409867
千葉市稲毛区保健福祉センター,千葉市轟公民館,1.0536626767581263
千葉市稲毛区保健福祉センター,千葉市黒砂公民館,1.470234243548595
千葉市稲毛区保健福祉センター,千葉県総合スポーツセンター陸上競技場,1.9947883731220781
ちばコープ東寺山店〔Ａ棟〕,千葉県総合スポーツセンター陸上競技場,1.7703604158320927
（仮称）スーパー花見川ビル,エクセルシオール八千代台,0.6371222578717238
エクセルシオール八千代台,（仮称）千葉市花島公園公園センター,0.6613741734116091
千葉市宮崎公民館,鎌取コミュニティセンター,0.07573288242484771
イトーヨーカ堂幕張店,（仮称）全共連幕張総合研修センター,0.6950950967464962
カスミ都町店,千葉市若葉区保健福祉センター,2.2656340714604752
ケアハウスモンテクローネ,ロイヤルホームセンター千葉北,0.7493676648525557
ケアハウスモンテクローネ,（仮称）千葉市稲毛区長沼コミュニティセンター,1.4352625964974521
鎌取コミュニティセンター,千葉市総合スポーツ公園市民球場,1.422865005565836
千葉市若葉いきいきプラザ,（仮称）千葉市白井公民館・若葉図書館泉分館,3.663360679388769
千葉市轟公民館,消費生活センター,0.629515062293697
長沼ショッピングプラザ,千葉県総合スポーツセンター陸上競技場,0.8217185308007345
あすみが丘ショッピングプラザ,千葉市緑いきいきプラザ,4.694868997497895
千葉市緑いきいきプラザ,（仮称）千葉市白井公民館・若葉図書館泉分館,3.425581258066947
消費生活センター,千葉市神明公民館,0.9949555277471483
千葉市斎場,千葉市大宮学園,1.847276162541287
（仮称）千葉市花島公園公園センター,千葉市花見川図書館　他,2.64730242285635
千葉市大宮学園,千葉市桜木園,2.716067237432844
千葉市総合スポーツ公園市民球場,（仮称）イトーヨーカドー蘇我店,1.1020903017735444
千葉市若葉区保健福祉センター,千葉市桜木園,1.2644169829005043
（仮称）全共連幕張総合研修センター,（仮称）千葉市美浜区地区ホール保健福祉センター,1.1371120596603648
マックスバリュー太田店,イオンモール木更津,4.133702536041548
マックスバリュー太田店,カインズモール木更津金田,4.899828150314572
三井アウトレットパーク木更津,カインズモール木更津金田,0.19971185567775815
タイムズスクエアビルB棟,タイムズスクエアビルA棟,0.0
タイムズスクエアビルB棟,山野学苑代々木計画,0.32045016923344627
タイムズスクエアビルB棟,（仮称）ホテルサンルート新宿新築工事,1.2373807700317752
杉並区立高井戸図書館,西友高井戸東店,1.0893253559285003
杉並区立高井戸図書館,サミットストア成田東店,2.0440484622763857
オザキショッピングパーク,（仮称）いなげや南大泉ビル,0.8193996560896667
オザキショッピングパーク,ライフ石神井台店,0.8363081964005425
堀切中央病院,いなげや葛飾白鳥店,1.8155078573549381
堀切中央病院,西友青井店,1.8283965515297305
堀切中央病院,東向島関東ゼンマイビル,2.6722573692761924
成光堂病院,サミットストア西小岩店,0.6481964732216089
成光堂病院,（社福）仁生社　江戸川病院　増築工事,1.6147274661035207
サミットストア若林,国士舘大学　世田谷・梅が丘キャンパス①地区教育棟,0.7909829944349142
サミットストア若林,日本フィルコン　太子堂ビル,0.7913328964158709
前野町IKビル,新松山病院,0.7871437577836309
前野町IKビル,志村三丁目ショッピングセンター,1.2629098241238907
前野町IKビル,サミットストア板橋　弥生町店,1.6119997069345113
江戸川サミット,介護老人保健施設やすらぎ,1.4699587881998688
江戸川サミット,（社福）仁生社　江戸川病院　増築工事,1.9121406553711304
東京国際フォーラム,(仮称）日比谷パークビル建替計画,0.43745407322007884
東京国際フォーラム,（仮称）新丸ビル新築工事,0.5019281262362839
東京国際フォーラム,(仮称)オービック東京本社ビル新築工事,0.5655823489858826
西神田児童館,九段第三合同庁舎・千代田区役所本庁舎整備等事業,0.4488812419948112
西神田児童館,日本大学新病院（仮称）,0.8719231793972034
西神田児童館,（仮称）日本医科大学付属病院,1.927956291441339
明治生命青山ビル,ワールド北青山ビル新築工事（仮称）,0.2782975543949864
明治生命青山ビル,(仮称）SWIRL,0.5010389774121186
サンストリート,サンストリート（増築）,0.0
サンストリート,亀戸地区区民施設（仮称）,0.523322323189811
サンストリート,ライフ亀戸店,1.3564845340485203
サンストリート,トピレックプラザ再開発ビル,2.228928784866196
羽田空港,東京国際空港国際線地区空港利用者用駐車場,0.5222580108673912
羽田空港,（仮称）大田区萩中集会所,4.483745385757908
亀戸地区区民施設（仮称）,東京簡易裁判所墨田分室,0.6990809372943904
日本フィルコン　太子堂ビル,三軒茶屋第一病院,0.8651549763773707
ヨークマート,（仮称)西新井ショッピングセンター,0.8803458767070388
ヨークマート,東京トヨタ自動車（株）西新井店,1.1982118154645847
南大井複合施設（仮称）,社会福祉法人三徳会,1.4399837674139615
南大井複合施設（仮称）,(仮称)大崎西テクノロジーセンター,1.569595092388503
南大井複合施設（仮称）,（仮称）エビススバルビル新築工事,1.665636621594526
（株）コープとうきょう城山手店,トヨタ西東京カローラ八王子店,1.4010109181945924
生活協同組合コープとうきょう,キシノビル（マルエツ戸倉店）,0.7465221011260171
東向島関東ゼンマイビル,東京都済生会向島病院,0.9774219172538698
サミットストア成田東店,（株）しまナーシングホーム,2.7099174923345664
（株）コルノマカロニ,(仮称）順天堂大学医学部附属練馬病院,1.2212479721808418
（株）コルノマカロニ,医療法人社団　一陽会,1.3880331215077881
台東区生涯学習センター,（仮称）新台東病院等,0.5562446508457727
台東区生涯学習センター,しまナーシングホーム浅草,0.9206837171515225
イトーヨーカ堂八王子店,トヨタ西東京カローラ八王子店,1.4098660232836104
イトーヨーカ堂八王子店,松田町庁舎,29.81221434196038
トヨタ西東京カローラ八王子店,みなみ野シティショッピングセンター,3.4903728846811988
調布市立精神薄弱者援護施設,青木病院,1.4952210160889081
調布市立精神薄弱者援護施設,小金井リハビリテーション病院,2.177463977187396
ウィング,（仮称）多摩東寺方ショッピングセンター,2.4246292242024143
ウィング,西友国立南店,2.6483707569870134
（株）コープとうきょう町田常磐町店,上妻病院,1.119813674073619
（株）コープとうきょう町田常磐町店,自治会館（仮）新築工事,2.537324066766243
老人医療施設カトレア,㈱いなげや,0.8293265088321433
老人医療施設カトレア,立川中央病院,1.2102548007647786
キシノビル（マルエツ戸倉店）,エクセルシオール西国分寺,0.8432672582284672
キシノビル（マルエツ戸倉店）,いなげや小平小川橋店,2.495327557172492
コピアあきる野,イオン日の出S.C,2.5447772100228274
コピアあきる野,羽村園,2.7073424361204337
大田区文化活動支援施設,ヨークマート東矢口店,0.8421717574168295
大田区文化活動支援施設,蒲田リハビリテーション病院,1.2227916365938405
サミット井荻店,アリア上井草,0.6047386679407103
サミット井荻店,ヤマダ電機　テックランド　石神井店,1.0313613484986546
ライフ石神井台店,(仮称）いなげや関町商店,0.9693615846814336
ライフ中野店,中野共立病院,0.16972169458821532
（株）電通新社屋,(仮称)汐留浜離宮サイドプロジェクト,0.1688819491029009
（株）電通新社屋,(仮称)汐留住友ビル新築工事,0.314735615187648
マルエツ新椛谷店,（仮称）大田区萩中集会所,0.7478151872747411
マルエツ新椛谷店,(仮称）大田区総合体育館,1.2392705507489281
志村三丁目ショッピングセンター,浮間中央病院,1.893976075050145
板橋サティ,ヨークマート練馬平和台店,1.2984852632728756
板橋サティ,高島平中央総合病院,1.597688977407738
板橋サティ,新松山病院,1.9476303805564068
板橋サティ,医療法人　社団翠会　成増厚生病院施設整備工事,2.8496755537597185
東海大学医学部付属八王子病院,ルームズ大正堂八王子支店,1.8622847631832302
東海大学医学部付属八王子病院,イオンモール㈱,2.8392585099791208
篠原病院,サミット三鷹台団地店,1.7751380731218989
篠原病院,グリンパークビル,2.1594460091993324
コープとうきょう三鷹牟礼店,サミット三鷹台団地店,0.39457795706584814
コープとうきょう三鷹牟礼店,マックスバリュ世田谷北烏山店,1.4857987425215597
南町田ショッピングセンター,（仮称）町田市鶴間介護老人保健施設,0.8183300318892245
南町田ショッピングセンター,町田慶泉病院,0.9246106402969201
南町田ショッピングセンター,（仮称）大和市下鶴間計画　新築工事,1.1809068872557342
神栄ビル,（仮称）コープとうきょう稲城若葉台店,3.9085525396498704
神栄ビル,町谷原病院,5.291555140619273
昭島市総合福祉センター,（仮称）カインズホーム昭島店,0.5073601819766304
昭島市総合福祉センター,（仮称）東京西徳洲会病院,1.7227958652212136
コープとうきょう東大和上北台店,第二大洋園,0.36498982042954864
コープとうきょう東大和上北台店,立川市庁舎,2.835448197248318
ダイエー村山店,ダイヤモンドシティー立川・武蔵村山ショッピングセンター,1.1612298864497368
ダイエー村山店,イオン昭島ショッピングセンター,1.7564129648489493
ダイエー村山店,特別養護老人ホームほほえみ,1.8354765318470305
ダイエー村山店,（仮称）ベビーザらス,2.9681212405051274
サミットストア新深沢店,アリア深沢,0.7470013761112763
西友高井戸東店,アリア上井草,2.514904751455526
西友南葛西店,杉の子育英幼稚園　あおぞらえん,2.013498342395281
西友南葛西店,森山リハビリテーション病院新築工事,2.0618799361465703
トピレックプラザ再開発ビル,（仮称）和風会メディケア新砂,0.7568048258337277
トピレックプラザ再開発ビル,（仮称）クリニック江戸川新築工事,2.137044393235367
ルームズ大正堂八王子支店,いなげや,2.967604095873793
ルームズ大正堂八王子支店,みなみ野シティショッピングセンター,3.1109111395859377
西友国立南店,（仮称）国立せきやビル,0.002969021242961954
（仮称）和風会メディケア新砂,（仮称）新木場セントラルビル新築工事,1.918552965026607
三越本店新館ビル,(仮称）室町三井新館新築工事,0.16399593142453667
三越本店新館ビル,（仮称）日本橋野村ビル,0.19928884470897376
三越本店新館ビル,（仮称）日本興亜日本橋ビル,0.3228942985497503
セレスティンホテル,（仮称）芝浦キャンパス新大学棟新築工事,0.6576954874489104
セレスティンホテル,東京プリンスホテル,0.6834253774561152
セレスティンホテル,(仮称)国際医療福祉大学　三田病院,0.7482624639144105
パナソニックセンター,（仮称）フジテレビ臨海副都心スタジオ,1.701057374879252
パナソニックセンター,(仮称）イオン東雲ショッピングセンター,1.858125026835318
武蔵境病院,グリンパークビル,1.8973544330225085
武蔵境病院,武蔵野徳洲会病院,1.942906245741437
（仮称）西友新福生店,コジマＮＥＷ福生店,0.4001422163697989
（仮称）西友新福生店,羽村園,2.8320485205379478
ザ。モール瑞穂,老人デイサービスセンター（仮称）不老の卿,1.2866729658223737
サミット千鳥町店,アライブ久が原,0.7712793735346558
サミット千鳥町店,ユニカ老人ホーム多摩川,1.5058233558179044
喜多見杉本屋ビル,(仮）サクラビア成城改修工事,1.3876175681045306
東大泉病院,（仮称）いなげや南大泉ビル,0.8757124237645133
（仮称）友泉道玄坂ビル新築工事,セントラル病院松濤,0.6756433936101466
（仮称）友泉道玄坂ビル新築工事,(仮称）SWIRL,1.552295946264547
（仮称）友泉道玄坂ビル新築工事,リハビリパーク目黒,2.159952017235704
ヤマダ電機　テックランド　石神井店,(仮称）順天堂大学医学部附属練馬病院,0.36563834150766894
青木病院,（仮称）桐朋学園大学調布キャンパス１号館,2.4087336430255273
カインズホーム町田多摩境店,ｶｲﾝｽﾞﾎｰﾑ町田多摩境店資材館,0.0
カインズホーム町田多摩境店,上妻病院,1.614999837911275
カインズホーム町田多摩境店,緑区合同庁舎,4.027226999232923
タチエス昭島ビル,（仮称）東京西徳洲会病院,0.28168556344016626
タチエス昭島ビル,コジマＮＥＷ福生店,2.7364148148299217
イオン昭島ショッピングセンター,（仮称）カインズホーム昭島店,0.7370656422076187
（仮称）国立せきやビル,エクセルシオール西国分寺,1.4322500438118304
西五軒町有料老人ホーム,日本大学豊山高等学校中学校キャンパス整備事業,1.7421037917487319
西五軒町有料老人ホーム,（仮称）麹町三葉ビル,1.9317969413160343
(仮称)サミットストア千歳台,ユニカ有料老人ホーム,0.8848757012676369
（仮称)（医社）弘生会医療施設,三軒茶屋第一病院,0.17458804128231656
（仮称)（医社）弘生会医療施設,アライブ下馬,1.367412759487682
ヨークマート中町店,アリア深沢,0.619697107449572
ヨークマート中町店,世田谷グランダ瀬田,0.7656890686907368
アリア上井草,グランダ上井草,1.6323733878092335
(仮称）いなげや関町商店,グランダ上井草,0.5192638620857508
財団法人　博慈会,王子生協病院,2.157099315542033
財団法人　博慈会,(仮称)ライフ西新井本町店,2.4898418663084723
サミットストア西小岩店,金町中央病院,2.2876088900046416
(仮称）ヨドバシ「AKIBA」ビル,秋葉原ダイビル計画（秋葉原１街区）,0.0915644448443107
(仮称）ヨドバシ「AKIBA」ビル,三井記念病院,0.716801687050438
秋葉原ダイビル計画（秋葉原１街区）,（仮称）神田万世橋ビル,0.3038879161400643
神田美土代町ビル新築工事,（仮称）三井住友銀行神田駿河台ビル,0.3935334901497208
神田美土代町ビル新築工事,（仮称）神田万世橋ビル,0.5184028778335259
神田美土代町ビル新築工事,（仮称）読売新聞東京本社,0.576979244858063
(仮称)オービック東京本社ビル新築工事,(仮称）ニッセイ同和損保日本橋ビル,0.3923648525209505
(仮称）東京ミッドタウンプロジェクトＢ棟新築工事（集会場）,(仮称）東京ミッドタウンプロジェクトＢ棟新築工事（事務所･店舗）,0.0
(仮称）東京ミッドタウンプロジェクトＢ棟新築工事（集会場）,（仮称）東京ミッドタウンプロジェクトＡＤＥ棟新築工事（ホテル）,0.0
(仮称）東京ミッドタウンプロジェクトＢ棟新築工事（集会場）,（仮称）東京ミッドタウンプロジェクトＡＤＥ棟新築工事（事務所・店舗）,0.0
(仮称）東京ミッドタウンプロジェクトＢ棟新築工事（集会場）,（仮称）東京ミッドタウンプロジェクトADE棟美術館,0.0
(仮称）東京ミッドタウンプロジェクトＢ棟新築工事（集会場）,（仮称）新赤坂センタービル,0.9839452404736745
(仮称）イオン東雲ショッピングセンター,(仮称）ＴＡビル新築工事,0.8461891804925863
(仮称）新木場第二センタービル,（仮称）新木場セントラルビル新築工事,0.11563298956689472
(仮称）ＴＡビル新築工事,（仮称）新・共立ビル,2.2673056668520477
(仮）サクラビア成城改修工事,ユニカ有料老人ホーム,0.970694747084944
(仮）サクラビア成城改修工事,マックスバリュ世田谷北烏山店,2.267772382647797
(仮称）順天堂大学医学部附属練馬病院,（仮称）第２練馬高松園,1.7596310693604265
(仮称)介護老人保健施設ホスピア東和創設工事,(仮称)大信倉庫ビル,1.0025735151957966
(仮称)介護老人保健施設ホスピア東和創設工事,(仮称)イトーヨーカドー新亀有ショッピングセンター計画,1.313728080268212
みなみ野シティショッピングセンター,緑区合同庁舎,3.3383855593482332
(仮称)デンマークイン府中,いなげや,1.594473907172947
町谷原病院,町田慶泉病院,0.25521916515781884
第二大洋園,いなげや小平小川橋店,2.562936338506958
カインズホーム青梅インター店,カインズホーム青梅I.C店,0.025930730036162856
カインズホーム青梅インター店,羽村園,3.3938892413448496
（仮称）ベビーザらス,老人デイサービスセンター（仮称）不老の卿,1.3365424191739939
しまナーシングホーム浅草,ＧＬＡ新総合会館,0.8692715219888698
しまナーシングホーム浅草,三井記念病院,1.211613434931863
リハビリパーク目黒,アライブ下馬,1.3404211441846992
コージーハウスはすぬま,ヨークマート東矢口店,0.24687474935391374
コージーハウスはすぬま,ユニカ老人ホーム多摩川,0.7476720841910273
ユニカ老人ホーム多摩川,JALUXグッドタイムホーム・多摩川,1.4294654017958601
三軒茶屋第一病院,三軒茶屋病院,0.06823509373628325
いなげや葛飾白鳥店,サミットストア葛飾区役所前店,0.48917611528381205
(仮称）日比谷パークビル建替計画,(仮称)汐留浜離宮サイドプロジェクト,0.7351240540930051
（仮称）新丸ビル新築工事,（仮称）日本生命大手町ビル新築工事,0.24999507425572864
日本橋M計画,（仮称）日本興亜日本橋ビル,0.052974042287542183
日本橋M計画,(仮称）ニッセイ同和損保日本橋ビル,0.15154982639494452
(仮称)芝浦アイランド南地区新築工事,（仮称）芝浦キャンパス新大学棟新築工事,0.5253402649999821
(仮称)衆議院議員宿舎新築工事,(仮称)大崎西テクノロジーセンター,1.355735136499497
(仮称)衆議院議員宿舎新築工事,（仮称）三田ベルジュビル,1.7028979543812064
(仮称)汐留住友ビル新築工事,汐留芝離宮ビルディング,0.4727658023530507
(仮称)汐留住友ビル新築工事,（仮称）トラスコ中山東京本社ビル新築工事,0.6596316823026339
（仮称）元赤坂新安全ビル新築工事,（仮称）新赤坂センタービル,0.1348862542803334
（仮称）元赤坂新安全ビル新築工事,（仮称）ベルギー大使館建替計画民間棟,0.6406114092400546
東京プリンスホテル,（仮称）トラスコ中山東京本社ビル新築工事,0.8380083394554805
東京プリンスホテル,（仮称）東京倶楽部ビルディング新築工事,0.9950859343277891
東京国際空港　東旅客ターミナルビル新築工事,東京国際空港（羽田）第２旅客ターミナルビル増築工事,0.0
東京国際空港　東旅客ターミナルビル新築工事,東京国際空港国際線地区旅客ターミナルビル,0.2528297930683288
イトーヨーカドー大森店新築工事,（仮称）サミットストア大森西四丁目,1.3935555273656053
イトーヨーカドー大森店新築工事,(仮称)大崎西テクノロジーセンター,2.663398570252089
コムスンレジデンス馬事公苑計画,世田谷くらら上用賀,0.9935479958574249
コムスンレジデンス馬事公苑計画,世田谷グランダ瀬田,1.1965798754591415
山野学苑代々木計画,（仮称）JR南新宿ビル,0.1766725838825946
山野学苑代々木計画,(仮称）SWIRL,1.6197791639172128
(仮称)イトーヨーカドー新亀有ショッピングセンター計画,医療法人社団光善会,0.7901326109055123
武蔵野陽和病院,（仮称）シルバーシティ武蔵野東館新築工事,0.37924103403726434
武蔵野陽和病院,グリンパークビル,0.3892699053027545
（仮称）多摩東寺方ショッピングセンター,（仮称）コープとうきょう稲城若葉台店,3.594488445083354
いなげや花小金井駅前店,マックバリュー田無芝久保店,1.7055096352181
いなげや花小金井駅前店,いなげや小金井本店,1.8072309287426598
マックバリュー田無芝久保店,武蔵野徳洲会病院,0.782985215606962
マックバリュー田無芝久保店,（仮称）イオン東久留米ＳＣ,1.8129528826933192
中野共立病院,中野共立病院,0.0
中野共立病院,（株）しまナーシングホーム,1.2717998020910215
社会福祉法人こうほうえん,学校法人中央工学校,0.9240893905344224
社会福祉法人こうほうえん,帝京大学板橋キャンパス（病院）,1.4476970213530955
東京トヨタ自動車（株）西新井店,(仮称)ライフ西新井本町店,0.4674895264017048
東京トヨタ自動車（株）西新井店,（仮称）米倉脊椎・関節病院,0.975795773222019
医療法人社団光善会,金町中央病院,1.1395948199021881
医療法人社団光善会,サミットストア葛飾区役所前店,1.7328170411195862
（仮称）東京倶楽部ビルディング新築工事,（仮称）新赤坂センタービル,1.5383967236273848
ワールド北青山ビル新築工事（仮称）,日本赤十字社広尾地区等再建整備計画,1.1591293666978384
（仮称）江古田の森保健福祉施設,介護老人保健施設　練馬くつろぎホーム,0.18721781753813505
（仮称）江古田の森保健福祉施設,（株）しまナーシングホーム,1.5919059105795972
（仮称）帝京平成大学池袋キャンパス,日本大学豊山高等学校中学校キャンパス整備事業,1.2882756494101086
（仮称）帝京平成大学池袋キャンパス,帝京大学板橋キャンパス（大学）,2.2785482845482576
練馬総合病院,介護老人保健施設　練馬くつろぎホーム,1.2032936669494736
（仮称)西新井ショッピングセンター,(仮称）帝京科学大学千住キャンパス(敷地１棟）,2.022053321317965
ハンセン病資料館,ヨークマート東村山店,1.803165112101267
ハンセン病資料館,（仮称）イオン東久留米ＳＣ,3.6014184804885345
㈱いなげや,イオンモール㈱,2.2174229930284266
(仮称）醤油会館,（仮称）日本橋ダイヤビルディング,0.5911121868832586
(仮称）醤油会館,（仮称）新・共立ビル,0.604732688441279
東京簡易裁判所墨田分室,（仮称）墨田区総合体育館,0.15985823785980935
東京都済生会向島病院,パークサイドﾞ亀島,1.1784656150571315
パークサイドﾞ亀島,（仮称）墨田区総合体育館,0.7077281240887972
学校法人中央工学校,王子生協病院,1.2121372391012526
（仮称）クリニック江戸川新築工事,森山リハビリテーション病院新築工事,0.585318474380799
国士舘大学　世田谷・梅が丘キャンパス①地区教育棟,アリア深沢,2.22061203021398
日本赤十字社広尾地区等再建整備計画,（仮称）サッポロ恵比寿ビル新築工事,0.6867548311385294
帝京大学板橋キャンパス（病院）,帝京大学板橋キャンパス（大学）,0.2131015811216026
帝京大学板橋キャンパス（大学）,サミットストア板橋　弥生町店,2.0887262481169473
TS-1ビル,(仮称）大田区総合体育館,0.8698878217708863
(仮称)ライフ足立扇店,（仮称）米倉脊椎・関節病院,0.4096315819397489
（仮称）ベルギー大使館建替計画民間棟,（仮称）麹町三葉ビル,0.17052294018561967
（仮称）ベルギー大使館建替計画民間棟,あると法律経済綜合事務所,0.7390495825590018
（仮称）日本興亜日本橋ビル,（仮称）三井住友銀行　呉服橋ビル,0.2075191317336631
（仮称）芝浦キャンパス新大学棟新築工事,（仮称）三田ベルジュビル,0.535484646778722
東京国際空港国際線地区旅客ターミナルビル,東京国際空港国際線地区空港利用者用駐車場,0.23063600119000566
立川市庁舎,立川地方合同庁舎,1.0046236800349901
立川市庁舎,特別養護老人ホームほほえみ,1.9145975496838963
西友ひばりヶ丘団地店,（仮称）イオン東久留米ＳＣ,0.9026076612085271
JALUXグッドタイムホーム・多摩川,ＪＡＬＵＸグッドタイムホーム多摩川,0.0
JALUXグッドタイムホーム・多摩川,マックスバリュー西六郷店,0.2653012065878766
（仮称）いなげや南大泉ビル,島村記念病院,1.2002566956958787
(仮称）ニッセイ同和損保日本橋ビル,（仮称）オンワードホールディングス本社ビル新築工事,0.17327040412265213
（仮称）日本橋野村ビル,（仮称）日本橋ダイヤビルディング,0.23469655363167505
（仮称）墨田区総合体育館,ＧＬＡ新総合会館,2.4638027886541103
(仮称）大田区総合体育館,（仮称）サミットストア大森西四丁目,0.8986532975264361
いなげや,小金井リハビリテーション病院,1.705144504555834
いなげや小金井本店,小金井リハビリテーション病院,1.4388977470522446
（仮称）サミットストア大森西四丁目,蒲田リハビリテーション病院,0.48672920440515
島村記念病院,（仮称）シルバーシティ武蔵野東館新築工事,0.8537324682603533
町田市庁舎,（仮称）大和市下鶴間計画　新築工事,3.7503444249038003
（仮称）三井住友銀行神田駿河台ビル,日本大学新病院（仮称）,0.19659830491227998
（仮称）読売新聞東京本社,（仮称）三井住友銀行本店東館,0.29464303033294365
（仮称）三井住友銀行本店東館,（仮称）日本生命大手町ビル新築工事,0.06637520641934327
（仮称）住友商事京橋ビル,京橋OMビル,0.047474611908156134
（仮称）住友商事京橋ビル,（仮称）オンワードホールディングス本社ビル新築工事,0.1656547375531406
介護老人保健施設　練馬くつろぎホーム,ヨークマート練馬平和台店,2.323305817333987
立川中央病院,立川地方合同庁舎,1.0025946769756997
（仮称）イオン東久留米ＳＣ,（仮称）イオン東久留米ＳＣ,0.0
（仮称）サッポロ恵比寿ビル新築工事,（仮称）エビススバルビル新築工事,0.15745621187915051
松田町庁舎,開成南小学校,2.366516136916836
開成南小学校,御殿場市民交流センター,24.691038217464772
ヨークマート辻堂太平台店,ショッピングセンターイオン大和,8.533314589491146
マルエツ　大和中央店,ジャスコ大和鶴間店,1.7992682382322658
マルエツ　大和中央店,ショッピングセンターイオン大和,2.8276657091055575
つきみ野サティ,（仮称）大和市下鶴間計画　新築工事,0.8894988588035511
つきみ野サティ,イトーヨーカドー大和鶴間店,1.0321075973154328
イトーヨーカドー大和鶴間店,ジャスコ大和鶴間店,0.20393533498300156
さくら苑,さくらアリーナ（村松体育館）,15.764767715092887
さくら苑,原信　栃尾店,17.241323384479717
コメリホームセンター小出店,原信　小出東店,1.1969888626071192
コメリホームセンター小出店,池田記念美術館,6.037584206169172
池田記念美術館,イオン六日町店,9.226781963440764
イオン六日町店,原信　塩沢店,3.5632197467684956
ジャスコ糸魚川店,コメリパワー糸魚川店,0.18108286141671961
ジャスコ糸魚川店,原信　糸魚川店,2.654128159302966
十日町合同庁舎,原信　塩沢店,13.509153562845038
十日町合同庁舎,原信　ﾏｰｹｯﾄｼﾃｨ小千谷,15.486503925836105
ジャスコ中条店,新潟県立新発田病院,12.314775353344558
ジャスコ中条店,原信　村上西店,15.213864480991093
清水フードセンター吉田東店,原信　見附店,15.035462832837514
原信水原店,白鳥荘,1.3817682205155872
原信水原店,さくらアリーナ（村松体育館）,11.375011453068714
原信水原店,原信　西新発田店,12.963371838124903
ジャスコ小千谷店,原信　ﾏｰｹｯﾄｼﾃｨ小千谷,1.5793018196835407
ジャスコ小千谷店,ベイシア小千谷店,1.9873979848146452
ベイシア小千谷店,原信　シビックコア店,9.496267716334856
原信　美森店,ツルヤ小布施店,27.86518133292088
原信　美森店,原信　糸魚川店,42.60065407894587
ホームセンタームサシ村上,原信　村上国道店,1.2622596705193363
原信　見附店,原信　新保店,7.503458144726262
原信　見附店,原信　栃尾店,9.420348468535195
原信　村上西店,原信　村上国道店,2.3400828443865382
山本五十六記念館,原信　今朝白店,0.8958776698706654
山本五十六記念館,健康の駅ながおか,1.5183209050655717
山本五十六記念館,原信　シビックコア店,1.5209289031168411
原信　今朝白店,原信　美沢店,0.9554155957990914
原信　関原店,原信　寺島店,5.046303999775248
原信　関原店,柏崎市西山町いきいき館,12.267998799198612
長岡中央綜合病院,原信　川崎店,0.8543846193129264
原信　新保店,原信　川崎店,1.017194960474034
原信　宮関店,リバーサイド千秋(ユニー長岡店),0.7228910064531954
健康の駅ながおか,高齢者ケアセンター千秋,1.1795917107702418
原信　川崎店,原信　美沢店,1.3505993322029015
リバーサイド千秋(ユニー長岡店),高齢者ケアセンター千秋,0.2722263821089758
リバーサイド千秋(ユニー長岡店),原信　寺島店,0.5355803602470501
柏崎市西山町いきいき館,サンキ柏崎店,11.682483062579902
サンキ柏崎店,ウオロク柏崎店,2.3343572158214063
新潟県立新発田病院,イオン新発田ショッピングセンター,2.656664045468474
イオン新発田ショッピングセンター,原信　西新発田店,1.0821916839373324
マックスバリュ金沢増泉店,金沢市消防庁舎,0.2892758134206261
マックスバリュ金沢増泉店,アピタ金沢店,0.8183955626313101
石川県視覚障害者情報センター,金沢信用金庫御影橋支店,0.43597322636658775
石川県視覚障害者情報センター,石川コンサートホール邦楽会館,0.49102841216528215
メガバリュー近岡,ゲンキー近岡店,0.21851061138634492
金沢赤十字病院,マルエー久安店,0.6406875998210716
石川県銭屋五兵衛記念館,石川県総合スポーツセンター（仮称）,1.4259771184896133
城北病院,金沢中央公民館彦三館,0.7104280921570616
城北病院,金沢マンテンホテル,0.7700242741532511
城北病院,城北市民テニスコートクラブハウス,1.5431536390065301
クリニック光一,金沢中央朱鷺の苑,1.0086794821583964
クリニック光一,コープたまぼこ,1.1460691847862852
クリニック光一,コジマＮＥＷ金沢駅西店,1.2004275216447673
鳴和台市民公園,すずみが丘病院,1.2823519793666027
鳴和台市民公園,金沢市元町保健福祉センター,1.356620278342321
石川県留学生交流会館,若宮せせらぎ公園,0.22161545554041048
石川県留学生交流会館,若松八幡さん公園,0.2834970136056698
金沢中央朱鷺の苑,石川コンサートホール邦楽会館,0.4381901934995047
すずみが丘病院,鈴見菖蒲公園,0.2874859816364873
石川県立埋蔵文化財センター,中瀬栃の木公園,3.3813172994180607
石川県立埋蔵文化財センター,高山市荘川支所庁舎,48.60111415228952
コープたまぼこ,藤井脳神経外科病院,2.1684161804165214
若宮せせらぎ公園,中瀬栃の木公園,0.28918613792915643
鈴見菖蒲公園,若松八幡さん公園,0.58689824238792
若松八幡さん公園,卯辰山公園健康交流センター,0.8276714854487103
金沢マンテンホテル,Ｒ＆Ｂホテル金沢駅西口,0.2089147433304375
金沢信用金庫御影橋支店,アピタ金沢店,0.6555548428427064
Ｒ＆Ｂホテル金沢駅西口,石川コンサートホール邦楽会館,0.377330246216847
マルエー久安店,金沢市消防庁舎,1.6950856367825233
マルエー久安店,マックスバリュー・メガマート野々市南店,2.0960342909380385
金沢市元町保健福祉センター,金沢中央公民館彦三館,1.0091480950940648
藤井脳神経外科病院,御経塚SATY,1.5744108309649416
藤井脳神経外科病院,石川県総合スポーツセンター（仮称）,1.6396872477128295
金沢港いきいき魚市,デポ金沢鞍月店,0.5663954803761496
金沢港いきいき魚市,ゲンキー近岡店,1.2860713280268452
越田医院,金沢ＳＡＴＹ,1.1090454722299576
越田医院,石川県立総合養護学校,1.480098578995345
越田医院,アル・プラザ津幡,5.0717732756776
石川県庁舎,コジマＮＥＷ金沢駅西店,0.9308915885454305
石川県庁舎,デポ金沢鞍月店,1.021187989424552
金沢中央公民館彦三館,金沢２１世紀美術館,1.130501450442744
金沢ＳＡＴＹ,城北市民テニスコートクラブハウス,3.11280820032628
公立能登総合病院,公立能登総合病院（増築部分として別途認定）,0.0
公立能登総合病院,えんやま健康クリニック,2.37041559395514
公立能登総合病院,能登空港ターミナルビル,20.392675227555564
えんやま健康クリニック,東湊地区コミュニティーセンター,5.558477180390339
えんやま健康クリニック,吉田道路株式会社（ケーズデンキ）,6.382733051065901
石川県こまつ芸術劇場うらら,ジャスコ加賀の里ショッピングセンター,14.08591122787731
石川県こまつ芸術劇場うらら,ジャスコ松任ショッピングセンター,15.057874989053284
輪島市立東陽中学校,能登空港ターミナルビル,17.820969877694505
ジャスコ加賀の里ショッピングセンター,セミナーハウスあいりす,1.9317224644281759
ジャスコ加賀の里ショッピングセンター,フェアモール福井,20.06068559576894
マックスバリュー羽咋店,特別養護老人ホーム「はくいの郷」,3.299068939454098
マックスバリュー羽咋店,石川北部ＲＤＦ専焼炉,9.806607499048873
特別養護老人ホーム「はくいの郷」,特別養護老人ホームハートフルおしみず,8.43351286327104
かほく市宇ノ気保健福祉センター,イオン,0.735840269400256
かほく市宇ノ気保健福祉センター,特別養護老人ホームハートフルおしみず,8.155829079835293
イオン,コメリHC津幡店,3.246887063563007
ジャスコ松任ショッピングセンター,ジャスコ松任ショッピングセンター専門店,0.0
ジャスコ松任ショッピングセンター,松任市役所,0.5877571685927255
松任市役所,（仮称）ラスパ白山ピアゴ倉光店,0.10741683941317194
（仮称）松任市総合生涯学習施設,（仮称）ラスパ白山ピアゴ倉光店,0.7362306993739224
（仮称）松任市総合生涯学習施設,特別養護老人ホーム富樫苑,3.7821541064217032
石川県ふれあい昆虫館,野々市市新庁舎,6.588453545582383
マックスバリュー・メガマート野々市南店,野々市市新庁舎,0.6996586676585167
特別養護老人ホーム富樫苑,野々市市新庁舎,1.0563023259875421
津幡町文化会館シグナス,アル・プラザ津幡,0.2900411997385491
津幡町文化会館シグナス,コメリHC津幡店,1.4851706884053821
増穂浦ショッピングモール　アスク,町立富来病院,0.7082579156827706
町立富来病院,石川北部ＲＤＦ専焼炉,16.591620083418267
石川北部ＲＤＦ専焼炉,吉田道路株式会社（ケーズデンキ）,7.524052164656675
敦賀市福祉総合センター,アル・プラザ敦賀,0.44645215410403644
敦賀市福祉総合センター,パレア若狭,27.599572967557673
ヤスサキパワーシティ新保店（フードセンター館）,フェアモール福井,0.7470768884009499
ヤスサキパワーシティ新保店（フードセンター館）,ヤスサキパワーシティ新保店（ホームセンター館）,0.9431352859588954
ヤスサキパワーシティ新保店（フードセンター館）,フレンドタウン福井,1.5041949764936795
ヤスサキパワーシティ新保店（ホームセンター館）,ショッピングモール　ヴィオ,26.137696208961746
ショッピングモール　ヴィオ,アピタ北方店,49.19201169980527
アル・プラザ武生,バロー北日野店,1.7794526513845166
アル・プラザ武生,AOSSA,13.863208622265324
アル・プラザ敦賀,バロー北日野店,22.088263164698287
AOSSA,フレンドタウン福井,2.0741680077893485
ﾂﾙﾔ野沢店,ﾂﾙﾔみかげ店,6.351625498245967
ﾂﾙﾔ立科店,御牧乃湯,6.523843994659535
ﾂﾙﾔ軽井沢店,ﾂﾙﾔ御代田店,9.377458817518573
ﾂﾙﾔみかげ店,ﾂﾙﾔ御代田店,5.229967780499746
ﾂﾙﾔみかげ店,御牧乃湯,12.301016491205441
出浦歯科医院,ツルヤ丸子店,1.8794724360419457
出浦歯科医院,ツルヤかのう店,3.8874589975038787
出浦歯科医院,イオン上田店,4.454262188404986
ツルヤ塩田店,ザ・ビッグしおだ野店,1.4658701273626364
ツルヤ塩田店,ツルヤ並柳店,27.59680746899509
ハートフル歯科医院,ツルヤ神畑店,1.204397292865707
ハートフル歯科医院,アリオ上田,2.0405108253254083
ハートフル歯科医院,ツルヤ松代店,14.735494149008309
高橋歯科医院,アリオ上田,0.8266368199410364
高橋歯科医院,ツルヤ上田中央店,0.9366484648953586
イオン上田店,ツルヤ上田中央店,0.6996275209836827
ツルヤ山口店,ツルヤ上田中央店,1.2416532796307733
ザ・ビッグしおだ野店,ツルヤ神畑店,0.7993811794490906
総合福祉センター,御牧乃湯,2.3757148768852296
総合福祉センター,ツルヤかのう店,4.591063799048423
イルフ美術館,原田泰治美術館,5.755297806246859
イルフ美術館,ﾂﾙﾔ広丘店,12.341594999700366
イルフ美術館,ツルヤ伊那店,16.94768715387601
原田泰治美術館,この街学園,15.001000086586275
ツルヤ伊那店,ツルヤ赤穂店,13.578832678505394
ツルヤ赤穂店,飯田病院,21.54251525590701
飯田病院,アピタ中津川店,34.67710227856183
ツルヤ並柳店,ﾂﾙﾔ広丘店,7.369856991456044
井上百貨店山形店,ﾂﾙﾔ山形店,0.07676276957027887
ﾂﾙﾔ広丘店,ﾂﾙﾔ山形店,7.817149000435275
ツルヤ松代店,ツルヤ長野南店,3.940724458709778
ツルヤ松代店,ツルヤ須坂店,13.611208917186401
ツルヤ長野南店,ツルヤ稲荷山店,10.471506803347424
グリーンアルム福祉会,ツルヤ須坂店,5.22049763122713
ツルヤ須坂店,ツルヤ小布施店,4.464657221982491
イオン大垣店,アクアウォーク大垣（アピタ大垣店）,2.686372641237138
イオン大垣店,イオンモール東員,22.552572294669645
アクアウォーク大垣（アピタ大垣店）,アピタ北方店,8.75640341359229
ピアゴ各務原店,イオンモール各務原,2.7255752695173285
ピアゴ各務原店,ピアゴ可児店,24.21500010048909
イオンモール各務原,イオンモール各務原,0.0
イオンモール各務原,アピタ北方店,16.09445997735489
ラスパ御嵩,ピアゴ可児店,0.9348465664400837
ピアゴ可児店,多治見インターモール,7.6305937174511635
多治見インターモール,西友多治見店,3.2132190583230584
西友多治見店,図書館交流プラザりぶら,31.128377868812557
飛騨信用組合本店,高山市図書館「煥章館」,1.1676667336790771
飛騨信用組合本店,高山市荘川支所庁舎,34.11733625632933
ディスカバリーパーク焼津,イオン焼津店,2.749148478292158
焼津市消防防災センター,イオン焼津店,0.34139333347430484
焼津市消防防災センター,コープしずおか　焼津店,1.8118091445648319
焼津市総合福祉会館「ウェルシップやいづ」,焼津市立養護老人ホーム　慈恵園,0.04445665542940047
焼津市総合福祉会館「ウェルシップやいづ」,焼津福祉会　虹の家,0.08451822501492333
焼津市立養護老人ホーム　慈恵園,大村公民館,0.40676894396328517
コープしずおか　焼津店,大村公民館,1.2214477080168444
焼津福祉会　虹の家,静岡市斎場火葬場,11.12672447918176
焼津市立大井川保育園,焼津市大井川児童センター,0.5769599615963652
焼津市立大井川保育園,カインズホーム吉田店,5.38493214150266
イオン富士宮ショッピングセンター,マックスバリュ富士宮宮原店,1.174281707203771
イオン富士宮ショッピングセンター,カインズホーム富士店,6.17034772897368
カインズホーム富士宮店,富士宮市総合福祉会館,1.2542329649570494
マックスバリュ富士宮朝日町店,マックスバリュ富士宮宮原店,0.12276797825328885
マックスバリュ富士宮朝日町店,富士宮市総合福祉会館,0.8719991683168934
西友楽市富士今泉店,富士市教育プラザ,0.9641981183695283
西友楽市富士今泉店,マックスバリュ富士見台店,2.3473382747659595
静岡県富士水泳場,アピタ富士吉原店,2.631959828631359
カインズホーム富士店,ケアハウス慈恩の里,1.3398590099617536
富士市フィランセ,コジマ富士店,0.6335381660896394
富士市フィランセ,ケアハウス慈恩の里,1.0233266127465448
西友楽市富士青島店,コジマ富士店,0.9263033451866356
西友楽市富士青島店,アピタ富士吉原店,1.0260012112755492
西友楽市富士青島店,ｲｵﾝ富士南ｼｮｯﾋﾟﾝｸﾞｾﾝﾀｰ,1.6293581014234018
マックスバリュ富士川成新町店,ｲｵﾝ富士南ｼｮｯﾋﾟﾝｸﾞｾﾝﾀｰ,1.304536497077926
聖隷富士病院,富士市教育プラザ,0.449874247260481
聖隷富士病院,アピタ富士吉原店,1.0696413997895493
ケアハウス慈恩の里,富士市交流プラザ,1.2556137852955775
富士市交流プラザ,マックスバリュ富士水戸島店,0.9086298703132908
マックスバリュ富士見台店,マックスバリュ富士江尾島店,4.7701984249636675
マックスバリュ富士水戸島店,由比町保健福祉センター,9.999072024639148
マックスバリュ富士江尾島店,マックスバリュ竹原店,16.927063968025976
ピアゴ浜松泉町店,医療法人社団澤記念会神経科浜松病院,2.390908514316946
マックスバリュー浜松中瀬南店,浜松赤十字病院,2.1690543863894995
マックスバリュー浜松中瀬南店,特別養護老人ホーム百々山,3.2374028986337477
マックスバリュー浜松中瀬南店,カインズホーム磐田豊岡店,3.4692535691308968
イオン浜松市野,イオン浜松東ショッピングセンター(イオン浜松市野),0.0
イオン浜松市野,特別養護老人ホームさぎの宮寮,1.1294914656895259
イオン浜松市野,フードプラス浜松店,1.6192850046860143
イオン浜松市野,浜松労災病院本館,2.1875889150548185
プレハウォーク浜北,アピタ浜北店,0.0
プレハウォーク浜北,マックスバリュー浜北店,0.9841328053396393
プレハウォーク浜北,エイデン浜松半田店,3.793417668643328
浜松赤十字病院,マックスバリュー浜北店,1.1354746900213941
マックスバリュー和田店,浜松労災病院本館,2.3040583160020875
マックスバリュー和田店,熊野伝統芸能館,4.610466688447819
聖隷三方原病院D号棟,マックスバリュー細江店,2.990174395716126
聖隷三方原病院D号棟,スーパーモール浜松テクノポリス店,5.2989870736721825
浜松労災病院本館,㈱西友楽市浜松船越店,1.2691646910342789
ＪＡ遠州病院,はままつ地ビール工房マインシュロス,0.6060206560684199
スーパーモール浜松テクノポリス店,エイデン浜松半田店,3.6631703478953552
イオン志都呂ショッピングセンター,カインズホーム浜松雄踏店,0.8299953142203033
イオン志都呂ショッピングセンター,イオン浜松西ショッピングセンター,4.360503087260547
イオン浜松西ショッピングセンター,医療法人社団澤記念会神経科浜松病院,2.699799387434876
エイデン浜松半田店,フードプラス浜松店,2.624398320968453
医療法人社団澤記念会神経科浜松病院,西友浜松上浅田店,2.3200430819954136
㈱西友楽市浜松船越店,はままつ地ビール工房マインシュロス,1.0583479449495237
西友浜松上浅田店,はままつ地ビール工房マインシュロス,1.5871284505225858
マックスバリュー浜北店,マックスバリュ浜北店,0.0
カインズホーム浜松雄踏店,カインズホーム浜松雄踏店,0.0
カインズホーム浜松雄踏店,りすぱ豊橋,25.057097028039255
マックスバリュー細江店,マックスバリュ細江店,0.0
マックスバリュー細江店,気賀小学校集会場,1.2377391749218896
特別養護老人ホーム百々山,静岡県立森林公園ビジターセンター,2.059182108886694
カインズホーム磐田店,ﾏｯｸｽﾊﾞﾘｭｰ磐田中泉店,0.8625420462534071
カインズホーム磐田店,磐田市役所福田支所,3.5806870587792385
カインズホーム伊東店,伊東市民病院,1.6252485738687532
カインズホーム伊東店,カインズホーム伊豆高原店,5.795309560861439
カインズホーム伊東店,カインズホーム修善寺店本館,15.235521422701781
カインズホーム吉田店,カインズホーム御前崎店,14.833929860315491
特別養護老人ホーム浜石の郷,由比町保健福祉センター,0.8454304853566617
マックスバリュ下田店,カインズホーム伊豆高原店,24.914921912414353
ﾏｯｸｽﾊﾞﾘｭｰ磐田中泉店,磐田市総合健康福祉会館,1.1922400874299273
三島市生涯学習センター,マックスバリュ竹原店,1.6590933664013792
三島市生涯学習センター,マックスバリュ裾野茶畑店,3.574247862681947
三島市生涯学習センター,マックスバリュ函南,4.029108565867481
藤枝市生涯学習センター,スーパー田子重　田沼店,2.150234393885117
藤枝市生涯学習センター,カインズホーム藤枝店,2.533200148445111
三島・函南葬祭会館,マックスバリュ函南,0.5716381875299994
三島・函南葬祭会館,函南町役場,1.6291488841290143
三島・函南葬祭会館,カインズホーム修善寺店本館,8.21058169102906
熊野伝統芸能館,磐田市総合健康福祉会館,3.8849971778269285
掛川文化会館シオーネ,カインズホーム大東店,1.1431218179429339
掛川文化会館シオーネ,しずてつストア小笠店,4.922874123240569
掛川市立中央図書館,掛川警察署,1.345240060692776
磐田市役所福田支所,マックスバリュ福田店,0.19515665339709667
焼津市大井川児童センター,イオン焼津店,3.6203592905623982
焼津市大井川児童センター,マックスバリュ田沼店,4.4183503934498125
袋井市南部健康プラザ,南遠州とうもんの里総合案内所,1.226911536542626
袋井市南部健康プラザ,袋井市地域交流プラザ,2.5133175859539665
掛川警察署,しずてつストアー菊川南店,7.992127822502094
南遠州とうもんの里総合案内所,カインズホーム大東店,9.420256867793576
御殿場市民交流センター,マックスバリュ御殿場原里店,0.7737111828156992
袋井市地域交流プラザ,袋井警察署庁舎,3.667228680940248
袋井市地域交流プラザ,マックスバリュ福田店,6.013460193700018
富士山交流センター,マックスバリュ御殿場原里店,4.100281488724803
富士山交流センター,裾野警察署,11.745687546089178
伊東市民病院,マックスバリュ伊東広野店,0.3720362872861088
裾野警察署,マックスバリュ裾野茶畑店,0.9218367991614294
しずてつストアー菊川南店,しずてつストア小笠店,2.2960065153091747
カインズホーム藤枝店,カインズ藤枝店,0.0
しずてつストア小笠店,しずてつストア小笠店,0.0
しずてつストア小笠店,カインズホーム御前崎店,9.587834985834835
マックスバリュ田沼店,スーパー田子重　田沼店,0.19096988194852949
由比町保健福祉センター,清水港日の出多目的上屋,11.116152783343841
清水市総合福祉センター(仮称）,清水港日の出多目的上屋,1.9989979789559629
清水市総合福祉センター(仮称）,清水警察署,2.145660239769476
清水港日の出多目的上屋,清水総合運動場武道場,0.7737125214505841
静岡市斎場火葬場,静岡斎場待合棟,0.0
静岡市斎場火葬場,県立総合病院PETセンター,4.278715804880336
静岡城東保健福祉エリア,県立総合病院PETセンター,1.3355699471663658
静岡城東保健福祉エリア,静岡市駿河区役所,2.771517120744886
静岡市駿河区役所,清水警察署,8.684316977861068
県立総合病院PETセンター,賎機都市山村交流センター,6.094996865373035
清水総合運動場武道場,松風荘,2.3766668139873586
アピタ向山店,エイデン豊橋,0.8411627623147021
アピタ向山店,光生会病院,1.604171434082848
ﾔﾏﾅｶ　豊橋ﾌﾗﾝﾃ館,ﾏｯｸｽﾊﾞﾘｭ豊橋橋良店,0.3954197445875281
ﾔﾏﾅｶ　豊橋ﾌﾗﾝﾃ館,ジャスコ豊橋南店,2.588227061705963
エイデン豊橋,ココラフロント,1.2071293684589661
ﾏｯｸｽﾊﾞﾘｭ豊橋橋良店,ココラフロント,1.8984589055018812
ﾏｯｸｽﾊﾞﾘｭ豊橋南店,ジャスコ豊橋南店,3.6965757894041147
ジャスコ豊橋南店,りすぱ豊橋,3.541024627106859
ココラフロント,心身障害児療育センター第二青い鳥学園,16.681905257442207
岡崎市東庁舎,イオンモール本体棟,1.7375020071196197
岡崎市東庁舎,心身障害児療育センター第二青い鳥学園,11.567301593899426
図書館交流プラザりぶら,イオンモールシネマ棟,1.6927641450067186
イオンモールシネマ棟,イオンモール本体棟,0.2455477619838771
マックスバリュ蔵持店,養護老人ホームこうふう苑,9.793997678728108
マックスバリュ蔵持店,（仮称）スーパーセンターオークワ桜井店,29.93096078020395
カインズホームみえ川越インター店,介護老人保健施設ことぶき,2.9608246316545066
カインズホームみえ川越インター店,カインズホーム四日市店,5.177495513909625
三重県伊勢庁舎,伊勢赤十字病院,1.8692207252035002
伊勢赤十字病院,三重県済生会明和病院,9.283179889031167
三重県立博物館,三重県総合文化センター立体駐車場,1.2501509392430277
三重県立博物館,イオンタウン津城山,4.3466486913512075
イオンタウン津城山,ユーホーム嬉野店,4.5831561295589625
イオンタウン津城山,三重県済生会明和病院,18.74563274656534
三重県総合文化センター立体駐車場,特別養護老人ホーム 亀山 愛の里,9.957584063423862
特別養護老人ホーム 亀山 愛の里,マックスバリュ四日市山城店,18.52070787015124
特別養護老人ホーム 亀山 愛の里,養護老人ホームこうふう苑,38.85810772879971
イオンモール東員,マックスバリュ四日市山城店,2.230569354029571
カインズホーム四日市店,マックスバリュ四日市山城店,7.559475925848563
コープ貝塚,コープ泉佐野,5.95998214492233
コープ貝塚,医療法人　生長会　府中病院　新西館,7.026203786223363
ｷｭｰｽﾞﾓｰﾙ（阿倍野A1地区第二種市街地再開発事業A2棟,堺市立健康福祉プラザ,8.095297415810498
ｷｭｰｽﾞﾓｰﾙ（阿倍野A1地区第二種市街地再開発事業A2棟,医療法人　蒼龍会　井上病院,8.917940041575205
ｷｭｰｽﾞﾓｰﾙ（阿倍野A1地区第二種市街地再開発事業A2棟,COOP城山,13.394990304831822
コープ泉佐野,イズミヤスーパーセンター紀伊川辺店,13.228907816880609
美喜和会オレンジホスピタル,ﾌﾚﾝﾄﾞﾏｰﾄ高槻氷室,2.0145490818783265
美喜和会オレンジホスピタル,千里中央第３立体駐車場,10.857481707963759
ﾌﾚﾝﾄﾞﾏｰﾄ高槻氷室,ﾌﾚﾝﾄﾞﾏｰﾄ高槻川添,2.3835531044530076
ﾌﾚﾝﾄﾞﾏｰﾄ高槻川添,アクトアモーレ,2.5683583268405408
ﾌﾚﾝﾄﾞﾏｰﾄ高槻川添,門真市保健福祉センター,6.458192583084667
アクトアモーレ,マックスバリュー,1.5957394179866156
イオン諏訪の森ショッピングセンター,堺市立健康福祉プラザ,3.208487550875663
イオン諏訪の森ショッピングセンター,フチュール和泉,5.767245402994872
COOP城山,イオンいかるが店,12.687457416468655
スーパーセンターオークワ和泉納花店新築工事,和泉市立南部リージョンセンター,1.9257105464496833
スーパーセンターオークワ和泉納花店新築工事,エコール・いずみ　Ⅱ期店舗棟（東館）,2.4320781248791796
医療法人　生長会　府中病院　新西館,フチュール和泉,0.18850310037835089
エコール・いずみ　Ⅱ期店舗棟（東館）,コープ和泉中央,0.20480030321464937
フチュール和泉,コープ和泉中央,3.982229193068427
コープ桜塚,そのだ老人保健施設,2.9532594545757855
コープ桜塚,医療法人　蒼龍会　井上病院,3.132936761248166
コープ桜塚,千里中央第３立体駐車場,3.799116148542988
コープ甲南,リハビリホーム グランダ摂津本山,0.4359923971541873
コープ甲南,コープ岡本,0.6511541694817403
コープ甲南,神戸市立医療センター中央市民病院,8.20140956238256
コープ岡本,コープ西宮北（駐車場棟）,8.596118984967553
カインズホーム神戸深江浜店,リハビリホーム グランダ摂津本山,2.440586986996735
カインズホーム神戸深江浜店,コープマリナパーク店,3.484849202810767
神戸市立医療センター中央市民病院,ポートアイランドリハビリテーション病院,0.245207449998471
あいハート須磨離宮前,ポートアイランドリハビリテーション病院,10.462950792302511
あいハート須磨離宮前,加古川サティ（仮称）ワーナー棟,29.530307742467212
コープ園田,そのだ老人保健施設,0.432663461167684
コープ園田,マックスバリュ金楽寺店,2.718634151052079
介護老人保健施設なにわローランド,アマルネス・ガーデン,0.9847783950586924
介護老人保健施設なにわローランド,コープ武庫之荘,2.9047201133180462
介護老人保健施設おおくま,アマルネス・ガーデン,0.4230168505723306
介護老人保健施設おおくま,マックスバリュ金楽寺店,1.040392781664676
マックスバリュ武庫元町店,コープ武庫之荘,0.9249248498128119
マックスバリュ武庫元町店,コープ西宮東,2.68542081300754
マックスバリュ武庫元町店,宝塚磯病院,4.108885893919684
コープ西宮東,ららぽーと甲子園（キッザニア甲子園は対象外）,1.692430095419631
コープマリナパーク店,マックスバリュ西宮浜町店,1.5420672768534989
グルメシティ今津店,阪急西宮ガーデンズ,1.0065213285736905
グルメシティ今津店,ららぽーと甲子園（キッザニア甲子園は対象外）,1.2991591163374334
グルメシティ今津店,西宮渡辺心臓・血管センタ-,1.5663105173404963
ららぽーと甲子園（キッザニア甲子園は対象外）,マックスバリュ西宮上田店,1.6725832500303164
マックスバリュ西宮浜町店,西宮渡辺心臓・血管センタ-,1.0003862476254293
加古川サティ（仮称）ワーナー棟,マックスバリュ宝殿店,6.930547471366106
ダイエー宝塚中山店,宝塚磯病院,1.6882305985117063
サンシティ宝塚,宝塚磯病院,2.4308095944617247
マックスバリュ宝殿店,マックスバリュ高砂中島店,1.0144395772263053
新県営プール施設等整備運営事業（南敷地）,新県営プール施設等整備運営事業（北敷地）,0.0
新県営プール施設等整備運営事業（南敷地）,（仮称）イオンモール大和郡山新築工事,4.517674579731937
天理よろづ相談所　入院棟,（仮称）イオンモール大和郡山新築工事,5.244250978762683
天理よろづ相談所　入院棟,（仮称）スーパーセンターオークワ桜井店,7.427277002716461
アピタ西大和店,イオンいかるが店,3.187354268470805
アピタ西大和店,イズミヤスーパーセンター広陵店,3.7338012072167572
（仮称）イオンモール大和郡山新築工事,奈良県立図書情報館,1.9485606977097083
イオンいかるが店,介護老人保健施設　大和田の里,6.433621463019133
イズミヤスーパーセンター広陵店,イオンモール橿原,2.938079872288418
（仮称）スーパーセンターオークワ御所店,イオンモール橿原,6.580630030549493
（仮称）スーパーセンターオークワ御所店,オークワ　オー・ストリート橋本彩の台,11.78310655080371
奈良県立図書情報館,イオン大安寺ショッピングセンター（現在：ザ・ビックエクストラ）,1.726722810840214
奈良県立図書情報館,奈良市北部会館,3.9992048891905925
奈良市北部会館,県立菅原園,4.8991280210969395
介護老人保健施設　大和田の里,県立菅原園,1.436957794677539
県立菅原園,カインズホーム,3.743580982313542
カインズホーム,生駒市立病院,2.0515439357085246
イオンモール和歌山,オークワ　オー・ストリート和歌山北バイパス店,2.565748650337539
イオンモール和歌山,和歌山ろうさい病院,3.449039143338396
和歌山ろうさい病院,ザビッグエクストラ阿南店,56.445717822345614
イズミヤスーパーセンター紀伊川辺店,オークワ　本社中島店,9.576508854627106
メッサオークワ高松店,和歌山県庁南別館,1.2158485137028505
メッサオークワ高松店,Joshin　Pit　ONE和歌山店,1.6608856116082682
メッサオークワガーデンパーク和歌山店,和歌山県庁南別館,2.039597182130105
メッサオークワガーデンパーク和歌山店,オークワ　オー・ストリート和歌山北バイパス店,2.4133290922192683
Joshin　Pit　ONE和歌山店,オークワ　本社中島店,0.21366109117919985
Joshin　Pit　ONE和歌山店,テックランド和歌山店,1.0035133369881584
テックランド和歌山店,スーパーセンターオークワ海南店,4.336715691810592
鳥取県立武道館,鳥取県立総合療育センター,3.172898681900199
鳥取県立武道館,すずらんの湯,34.87560291519836
鳥取県東部総合事務所,県立福祉人材研修センター,11.700022910848892
米子警察署,鳥取県立総合療育センター,1.0529451541176806
県立福祉人材研修センター,鹿野かちみ園,11.25508968426734
鹿野かちみ園,恩原高原スキー場屋外便所,14.761993835154662
（仮称）長船町保健福祉センター,瀬戸内駐在所長船交番,0.1155645494708328
（仮称）長船町保健福祉センター,牛窓警察署　福元駐在所,2.343746034878859
牛窓警察署　福元駐在所,岡山南警察署神崎駐在所,4.796627488932249
吉川ふれあいセンター,岡山北警察署　長田駐在所,1.0753238286967715
吉川ふれあいセンター,岡山県総合教育センター（仮称）,3.212740705075609
蕃山荘,備前警察署鶴海駐在所,8.147143265623308
備前警察署鶴海駐在所,マックスバリュ備前店,2.97621988967819
マックスバリュ備前店,瀬戸内駐在所長船交番,9.542957924573834
デオデオ山陽店,〈仮称〉マックスバリュ熊山店,2.900256358886656
デオデオ山陽店,岡山東警察署長岡交番,6.524477489760266
桜が丘コミュニティセンター（仮）,〈仮称〉マックスバリュ熊山店,0.07880447588156213
桜が丘コミュニティセンター（仮）,久米警察署吉ヶ原駐在所,13.304815071835616
生活協同組合おかやまコープ,生活協同組合おかやまコープ,0.0
生活協同組合おかやまコープ,イオンモール岡山,0.5937169513685181
生活協同組合おかやまコープ,岡山西警察署奉還町交番,0.7695448108898965
岡山北警察署吉備高原駐在所,岡山県総合教育センター（仮称）,0.8276155797232303
岡山北警察署吉備高原駐在所,岡山西警察署足守駐在所,9.261534924456216
岡山北警察署　長田駐在所,落合町総合体育館,9.966929621471522
川上町総合健康医療センター,高梁警察署　布賀駐在所,4.956194864318178
川上町総合健康医療センター,高梁警察署成羽交番,7.8311467361139515
川上町総合健康医療センター,西江原幼・保・公民館複合施設,10.203329858668221
おかやまコープ　コープ鴨方店,玉島警察署小坂駐在所,3.1365987635722776
おかやまコープ　コープ鴨方店,ふれあい交流館,4.647649478374717
高梁整形外科医院,高梁中央病院,0.9524034996264021
早島町デイサービスセンター,早島町ふれあい農園　便所棟,1.1585286028461994
早島町デイサービスセンター,藤戸駐在所,3.560325224044023
矢掛警察署東三成駐在所,矢掛警察署矢掛駅前交番,3.0800517991833893
矢掛警察署東三成駐在所,玉島警察署,8.976046288439774
井原警察署井原駅前交番,井原市庁舎,0.6006301461047379
井原警察署井原駅前交番,養護老人ホーム,0.63697501138993
井原警察署井原駅前交番,井原警察署　事務所,1.8365862977850844
井原警察署下稲木駐在所,養護老人ホーム,1.6492888248138533
井原警察署下稲木駐在所,福山東警察署神辺交番庁舎,6.825165542934107
矢掛警察署矢掛駅前交番,矢掛警察署　小田駐在所,5.502144718467802
玉島警察署小坂駐在所,矢掛警察署　小田駐在所,5.443207482157361
ふれあい交流館,浅口市寄島公民館,0.0750397361185657
高梁警察署成羽交番,高梁中央病院,7.81812962847133
矢掛警察署　小田駐在所,西江原幼・保・公民館複合施設,6.261546682596384
西江原幼・保・公民館複合施設,井原警察署　事務所,0.2905296413015365
高梁警察署　布賀駐在所,新見警察署本郷駐在所,11.710328501961758
落合町総合体育館,勝山警察署久世交番,4.497500664406018
落合町総合体育館,北房文化センター,12.474745913307716
恩原高原スキー場屋外便所,奥津温泉花美人の里,9.811421232601967
奥津町庁舎,久米警察署久米交番,4.381595948741728
奥津町庁舎,津山警察署久田駐在所,7.095687022113449
奥津町庁舎,中島病院,7.237428587991742
大原町武蔵の里温水プール,宮本武蔵顕彰武道館,0.2180501512738951
大原町武蔵の里温水プール,勝英警察署真加部駐在所,15.013247178407472
奥津温泉花美人の里,津山警察署　奥津駐在所,0.16417534732397754
勝山警察署久世交番,足温泉館,6.349368788665461
北房町庁舎,北房文化センター,0.07035250342576907
足温泉館,湯原保健福祉センター,3.86547624763781
足温泉館,美甘村庁舎及び保健・文化センター,10.600884591710308
久米南町文化センター,久米警察署弓削駐在所,0.15929128735016515
久米南町文化センター,久米警察署誕生寺駐在所,1.845961811796823
津山警察署久田駐在所,津山警察署　奥津駐在所,3.6703984128732854
湯原保健福祉センター,蒜山振興局,8.996759818063186
久米警察署誕生寺駐在所,美咲警察署　大垪和駐在所,8.196623104788069
久米警察署吉ヶ原駐在所,英田町生涯学習センター,4.888721620767965
久米警察署吉ヶ原駐在所,Sマート河辺店,9.866508807994508
英田町生涯学習センター,勝英警察署真加部駐在所,12.932596254518842
美咲警察署　大垪和駐在所,久米警察署久米交番,7.948771775259995
第一病院診療棟,岡山東警察署八幡駐在所,2.2077793778990875
第一病院診療棟,岡山東警察署長岡交番,2.2118683240246884
岡山記念病院,岡山東警察署千日前交番,0.4497497860701585
岡山西警察署吉宗駐在所,岡山西警察署横井交番,2.035787702289018
メガマート･マックスバリュー一宮店,岡山西警察署西崎本町交番,2.3112578579887595
メガマート･マックスバリュー一宮店,岡山西警察署大窪駐在所,2.373178623850905
岡山市南ふれあいセンター,ドコモショップ岡山南店,0.9447995902119068
岡山市南ふれあいセンター,マックスバリュ奥田南店,1.8296585798902352
岡山市南ふれあいセンター,玉野警察署八浜駐在所,5.852004127572242
岡山南警察署小串駐在所,（仮称）西大寺南ふれあい公園内体験学習施設（百花プラザ）,4.188218829620124
岡山南警察署小串駐在所,玉野警察署梶岡駐在所,4.303893363074758
岡山西警察署大窪駐在所,岡山西警察署高松交番,4.452153101740492
岡山西警察署横井交番,岡山中央病院,1.7251911134841387
岡山西警察署横井交番,岡山リサーチパーク　インキュベーションセンター,2.9027836842985213
岡山中央病院,岡山西警察署奉還町交番,1.1317034271317776
岡山中央病院,岡山西警察署西崎本町交番,1.2745761770968353
ウェルマート高松店,岡山西警察署高松交番,1.1900594724645488
ウェルマート高松店,岡山西警察署足守駐在所,2.881423380375774
ウェルマート高松店,国民宿舎サンロード吉備路,4.7761833667759985
岡山市立養護老人ホーム「友楽園」東山中学校区公民館,さくらんぼ訪問介護ステーション,0.8031599402353408
岡山市立養護老人ホーム「友楽園」東山中学校区公民館,岡山東警察署千日前交番,2.4874745504389812
岡山南警察署神崎駐在所,（仮称）西大寺南ふれあい公園内体験学習施設（百花プラザ）,4.084124033939723
岡山西警察署大元駅前交番,岡山県立病院,0.5707029789967125
岡山県立病院,岡山県立病院,0.0
岡山県立病院,イオンモール岡山,0.9078639001351697
岡山県立病院,マックスバリュ奥田南店,0.9800320325226097
岡山東警察署八幡駐在所,岡山西警察署玉柏駐在所,2.2300063541714663
岡山東警察署八幡駐在所,岡山西警察署北方交番,2.4414681680207226
岡山南警察署福田駐在所,岡山西警察署中仙道交番,2.1541377049030004
岡山東警察署千日前交番,ルミノ平和町,0.8992843969590265
デオデオ西大寺店,（仮称）西大寺南ふれあい公園内体験学習施設（百花プラザ）,2.577060307570888
デオデオ西大寺店,岡山東警察署長岡交番,2.9480693790842696
岡山西警察署北方交番,ルミノ平和町,1.6097672531017269
岡山西警察署中仙道交番,岡山西警察署西崎本町交番,2.2404773975088763
ルミノ平和町,イオンモール岡山,0.6460278196075157
児島地区公園プール,倉敷市児島武道館,0.8756503094245925
児島地区公園プール,(仮称)出石薬局,2.5401314653865197
水島警察署鶴の浦交番,玉島警察署,2.852252587943572
水島警察署鶴の浦交番,イオン水島ショッピングセンター,3.5190609448110424
児島警察署稗田駐在所,児島警察署柳田駐在所,1.5245204559998529
児島警察署稗田駐在所,仮称 郷内公民館,2.72456637054747
倉敷警察署大高交番,倉敷みらい公園便所,1.5914522011422374
児島警察署柳田駐在所,倉敷市児島武道館,1.569944724285782
藤戸駐在所,仮称 郷内公民館,2.6475838115687864
藤戸駐在所,倉敷警察署庁舎,4.393524967771691
イオン水島ショッピングセンター,ハピーズ倉敷中島店,3.9343751239684877
ハピーズ倉敷中島店,イオンモール倉敷,1.6760614502139994
児島警察署上の町駐在所,倉敷市児島武道館,1.5668959611841258
(仮称)出石薬局,ザ・ビッグ　丸亀城南店,13.11150813971194
倉敷警察署庁舎,イトーヨーカドー倉敷ショッピングセンター,1.3833133062458256
倉敷警察署庁舎,総社市山手福祉センター,4.161774467315702
倉敷みらい公園便所,イトーヨーカドー倉敷ショッピングセンター,0.21058697394131234
倉敷みらい公園便所,イオンモール倉敷,1.9385572480689557
ジャスコ津山店,ヤマダ電機テックランド津山店,0.3460999868256506
ジャスコ津山店,Sマート河辺店,0.4071538311812865
牧歯科医院,中島病院,0.17538871052160498
牧歯科医院,ｲｽﾞﾐ津山店,1.121087776542685
ｶｲﾝｽﾞﾎｰﾑ津山店･ﾊﾋﾟｯｼｭ高野店,ヤマダ電機テックランド津山店,0.7469664857429281
ｲｽﾞﾐ津山店,Sマート河辺店,4.415357357769803
道の駅みやま公園公衆トイレ,すこやかセンター,2.6158547287885985
道の駅みやま公園公衆トイレ,三宅医院,2.8238274196681368
道の駅みやま公園公衆トイレ,玉野警察署八浜駐在所,3.2926106728600537
三宅医院,三井生協荘内店,2.1464529400891736
玉野警察署梶岡駐在所,フジ志度店　食品館,26.303346743495002
すこやかセンター,エディオン玉野店,2.653273724318932
ハローワーク玉野,エディオン玉野店,0.7770207823618668
総社警察署上原駐在所,総社駅前交番,2.5839536093263105
総社市山手福祉センター,作山古墳公衆便所,0.4676699366912237
総社市ｽﾎﾟｰﾂｾﾝﾀｰ体育館（きびじアリーナ）,総社駅前交番,1.4605691465352981
総社市ｽﾎﾟｰﾂｾﾝﾀｰ体育館（きびじアリーナ）,ハローズ総社店,1.5054688936469243
国民宿舎サンロード吉備路,作山古墳公衆便所,0.46397824057534504
国民宿舎サンロード吉備路,ハローズ総社店,1.1362701811354408
ハローズ総社店,ハローズ総社貸店舗,0.0
新見市保健福祉ｾﾝﾀｰ,和みの郷かなや,0.059748977463019784
新見市保健福祉ｾﾝﾀｰ,まなび広場にいみ,0.2652807418523633
まなび広場にいみ,特別養護老人ﾎｰﾑ唐松荘,4.281937578640682
新見警察署本郷駐在所,和みの郷かなや,3.1416018946658286
新見警察署本郷駐在所,新見警察署矢神駐在所,13.175623946083698
新見警察署矢神駐在所,ジュンテンドー東城店,6.931628013637478
エディオン海田店,海田町福祉センター,0.6761676349406937
エディオン海田店,JR矢野駅駅舎,0.8670405232623379
エディオン海田店,揚倉山健康運動公園便所棟,2.5487312570994094
エディオン安芸高田店,安芸高田市第2庁舎,0.10228818134734291
エディオン安芸高田店,向原総合福祉センターかがやき,4.320233198232263
エディオン安芸高田店,川地高齢者施設,10.757840840963912
フジ熊野店,中央地域健康センター,0.6921768632214876
フジ熊野店,東部地域健康センター,2.065864225238866
youmeマート西栄町店,大竹中学校,1.1314739225850055
youmeマート西栄町店,独立行政法人　国立病院機構　広島西医療センター,2.3518668539725125
パルティ・フジ竹原ショッピングセンター（SSM棟・ジュンテンドー棟・バッハ棟）,介護老人保健施設まお,0.48947628747051564
パルティ・フジ竹原ショッピングセンター（SSM棟・ジュンテンドー棟・バッハ棟）,竹原市ふくしの駅,0.8871060853720737
介護老人保健施設まお,河内保健福祉センター,9.122520237705517
グループホームゆかりの里,南方コミュニティーセンター,4.142446955924169
グループホームゆかりの里,ふれあいステーションただのうみ,4.34137891578529
グループホームゆかりの里,竹原市ふくしの駅,4.64733725128604
エディオン安芸府中店,イオンモール広島府中ソレイユショッピングセンター,0.21438906962619933
エディオン安芸府中店,広島市民球場,1.4462224079213308
エディオン安芸府中店,広島第一病院,2.050986170059325
イオンモール広島府中ソレイユショッピングセンター,広島東警察署府中交番,0.37121749986686386
ゆりかご荘,地域資源活用総合交流促進施設,1.7053543569014327
ゆりかご荘,安佐北警察署飯室交番,4.8056855298996775
ジュンテンドー甲山店,障害者ケアホームきぼう,2.1992310693700374
ジュンテンドー甲山店,上下斎場,9.927984390187106
マックスバリュー世羅店（ＡＢＣＤ棟）,マックスバリュー世羅店（Ｅ棟）,0.0
マックスバリュー世羅店（ＡＢＣＤ棟）,ホームプラザナフコ世羅店,0.13766609611706765
マックスバリュー世羅店（ＡＢＣＤ棟）,障害者ケアホームきぼう,0.81314349796016
ホームプラザナフコ世羅店,ホームプラザナフコ世羅店（資材館）,0.0
ホームプラザナフコ世羅店,久井町総合文化センター,5.354016530928423
ホームプラザナフコ世羅店,せら県民公園管理センター,6.788441282572691
せら県民公園管理センター,世羅町役場　せらにし支所,5.699095977006503
せら県民公園管理センター,三良坂複合福祉施設,9.995271351054512
広島港宇品旅客ターミナル,広島国際フェリーポート,0.6328197511232572
広島港宇品旅客ターミナル,広島都市学園大学,0.6340288676987885
広島国際フェリーポート,広島特別支援学校,0.21852189990377138
広島港宇品外貿地区トイレ,西部こども家庭センター,1.1388143180384507
広島港宇品外貿地区トイレ,広島都市学園大学,1.285103485720598
広島港宇品外貿地区トイレ,切串ふれあい公園　トイレ,5.646689882436118
安佐北警察署三入交番,高陽中央病院,5.021778110897977
佐伯警察署五日市交番,医療法人社団初仁会　桧田病院,1.1010021487974393
佐伯警察署五日市交番,サンリブ五日市,1.6357622043581193
広島東警察署福木交番,揚倉山健康運動公園便所棟,3.56022261095712
広島東警察署福木交番,高陽中央病院,3.59711227890022
広島南警察署仁保交番,府中南交流センター,1.7753430020100724
安佐北警察署飯室交番,マックスバリュ可部西店,3.7210485114383562
広島中央警察署十日市交番,フレスタ上天満町,0.7723671264690795
広島中央警察署十日市交番,大手町河岸公衆便所,1.007324143479805
広島中央警察署十日市交番,三篠商業建物(フジ三篠店),1.1508843055998208
西部こども家庭センター,第二みみょう保育園,1.6837538663817886
大手町河岸公衆便所,大手町平和ビル,0.40768150024960514
広島市総合リハビリテーションセンター,マックスバリュ西風新都店,0.6641846651591264
広島市総合リハビリテーションセンター,サンリブ五日市,5.2951350043436
安佐南区総合福祉センター,有料老人ホームドエル祇園,0.8117891026955669
安佐南区総合福祉センター,フジグラン緑井（商業棟）･緑井スカイステージ（住宅棟）,0.9697393370655224
広島市民球場,比治山病院,0.42774103786039597
JR矢野駅公衆便所,JR矢野駅駅舎,0.20236027174775753
広島市国民宿舎湯来ロッジ,広島市湯来交流体験センター,0.0027658744165110663
広島市湯来交流体験センター,友和公民館,8.860903419515953
緑井天満屋,フジグラン緑井（商業棟）･緑井スカイステージ（住宅棟）,0.19417996009024932
緑井天満屋,介護付有料老人ホーム　ふじの家　川内,0.9567134363130887
緑井天満屋,マックスバリュ可部西店,5.106988910434432
エールエールA館,比治山病院,1.1617109270649542
エールエールA館,フジグラン広島,1.288876727925321
大手町平和ビル,広島トランヴェールビルディング,0.7943970913221742
メリィハウス西風新都,マックスバリュ西風新都店,0.7675939593041098
メリィハウス西風新都,フレスタ上天満町,6.014017180727162
有料老人ホームドエル祇園,イオンモール広島祇園,0.7599812927646956
JR矢野駅駅舎,西部地域健康センター,4.188311870700342
比治山病院,第二みみょう保育園,0.5707028424796321
フジグラン広島,広島トランヴェールビルディング,1.0115706590390037
三篠商業建物(フジ三篠店),イオンモール広島祇園,2.6607124952397125
医療法人社団初仁会　桧田病院,佐方公民館,1.6426810792304305
呉記念病院,郷原交流センター,1.7245559477758754
呉記念病院,黒瀬児童館,2.714390649882463
呉市宝町旅客ターミナル,ゆめタウン呉店,0.17294325952160966
呉市宝町旅客ターミナル,マッタ-ホルン病院,0.6631104374058386
デオデオ呉店,呉合同庁舎,0.18809548178478436
シティホール呉中央,ゆめタウン呉店,0.2772962374043924
シティホール呉中央,呉市斎場,2.0333769969317794
呉市広公園体育館,デオデオ広店,0.4678133663737694
呉市広公園体育館,広市民センター,1.2280652089748056
呉市広公園体育館,郷原交流センター,5.374073892917999
呉市海事博物館,ゆめタウン呉店,0.17798418773182786
呉市海事博物館,音戸町複合施設,4.062738477527124
音戸町複合施設,音戸市民センター,0.5675904663179667
フレスタ呉広店,ユーホー広店,0.008107226309557923
フレスタ呉広店,デオデオ広店,0.40078035010409885
ユーホー広店,マックスバリュ広東店,0.5026245267318838
呉市斎場,西部地域健康センター,4.830168832063435
広市民センター,（仮称）youmeマート阿賀店,1.0227036735640282
マッタ-ホルン病院,呉合同庁舎,0.4632547382092295
呉合同庁舎,呉市新庁舎,0.30738405635413024
呉市新庁舎,（仮称）youmeマート阿賀店,4.571910479284205
南方コミュニティーセンター,本郷学習センター,3.164251279227241
久井町総合文化センター,本郷駅,9.230247530992955
本郷学習センター,本郷駅,0.38446925695352296
芸術文化センター,本郷駅,9.070017203324278
芸術文化センター,（株）三谷屋　門田店,13.127476960711203
（仮称）尾道市民センターむかいしま,ユーホー向島店,0.9019195011485491
（仮称）尾道市民センターむかいしま,尾道駅前港湾駐車場,0.9448152912736328
（仮称）尾道市民センターむかいしま,老人保健施設　あおかげ苑,6.89961442085786
ベスト電器尾道店,福山自動車検査登録事務所,1.3880285277062092
ベスト電器尾道店,ユーホー向島店,3.940172666585982
（株）三谷屋　門田店,門田プラザ　ユーホー門田店,0.0
（株）三谷屋　門田店,万惣　尾道店,0.889478887084594
（株）三谷屋　門田店,尾道駅前港湾駐車場,1.3646590825547429
因島ショッピングセンター（パルディ棟）,老人保健施設　あおかげ苑,1.6863000566379396
因島ショッピングセンター（パルディ棟）,イオンモール新居浜,28.531118200395156
ビッグローズ,国立学校共済組合　中国中央病院（本館）,0.37174767520318364
ビッグローズ,神辺保育所,3.4543908775739673
福山市総合保険福祉センター,深津住宅1号棟,0.37553852005234967
福山市総合保険福祉センター,福山市立大学,0.6374553476699194
福山市総合保険福祉センター,中央公園便所（東棟）,1.5823489174184424
沼隈健康福祉センター,沼隈運動公園便所,2.0323493763091918
交流館つねかねまる,交流会館　あびき,3.142039109354025
中央緑地公園便所,福山市新市スポーツセンター,0.0
中央緑地公園便所,交流会館　あびき,0.8629827233755087
中央緑地公園便所,芦田ふれあいプラザ,2.464483556900817
福山城公衆便所,福山駅多目的便所,0.13431304824144225
福山城公衆便所,福山市立樹徳保育所,0.5049607294589555
福山市市民病院,蔵王緑地屋外便所,0.12446329129897753
福山市市民病院,深津住宅1号棟,2.261684202709978
福山市市民病院,神辺保育所,2.55825529829871
交流会館　あびき,府中市保健福祉センター,2.0465218721192175
芦田ふれあいプラザ,富谷公園便所,0.2400845345245813
芦田ふれあいプラザ,有磨保育所,1.6837573938447614
内海町生活支援ハウス,うつみ市民交流センター,0.989347063873636
内海町生活支援ハウス,福山市ぬまくまふれあいプラザ,2.693964947082077
福山市ごみ固形燃料工場,広島県立福山商業高等学校　屋内運動場及び格技場,4.170553495223164
福山自動車検査登録事務所,福山市西部市民センター,1.515799816460449
国立学校共済組合　中国中央病院（本館）,国立学校共済組合　中国中央病院（レストラン棟）,0.0
国立学校共済組合　中国中央病院（本館）,グラウンドゴルフ場便所,5.0346616293358615
福山東警察署神辺交番庁舎,神辺保育所,3.287057581723091
山手町住宅14号棟,福山市立西山手保育所,0.995136254121791
山手町住宅14号棟,福山西公民館,2.1019062740754695
福山市立西山手保育所,県立福山若草園　本館,1.118760976883097
福山市立西山手保育所,近田保育所,3.7494835183854356
広島県立福山誠之館高等学校　屋内運動場・格技場,福山市立樹徳保育所,0.7329010428827532
東福山駅北口公衆用便所,蔵王緑地屋外便所,1.3092214833786537
福山市中央図書館,中央公園便所（東棟）,0.06760238240512068
富谷公園便所,近田保育所,4.193895122947973
広島県立福山商業高等学校　屋内運動場及び格技場,川口保育所,2.6540172517625145
沼隈運動公園便所,福山市ぬまくまふれあいプラザ,1.1086608298628315
沼隈運動公園便所,福山市東部運転免許センター,5.716857840390538
中央公園便所（東棟）,中央公園便所（西棟）,0.0
中央公園便所（東棟）,福山駅前広場バス案内所,0.49414324835808804
グラウンドゴルフ場便所,グラウンドゴルフ場管理棟,0.0
福山市西部市民センター,有磨保育所,6.082094565683428
福山駅地下送迎場,福山駅多目的便所,0.10121306685049576
福山駅地下送迎場,福山駅前広場バス案内所,0.10903192465734435
福山市立樹徳保育所,福山西公民館,0.6589196437995856
福山市東部運転免許センター,県立福山若草園　本館,1.3168743108853085
深津住宅1号棟,深津住宅2号棟,0.16374676301269636
福山市立大学,川口保育所,0.7345727476256069
東広島市庁舎　北館,東広島市庁舎,0.0
東広島市庁舎　北館,東広島芸術文化ホール「くらら」,0.1283137269899022
黒瀬児童館,黒瀬屋内プール,0.6857300453491871
黒瀬児童館,介護老人保健施設　もみじ園･特別養護老人ホーム　さくら園,2.1924804381937135
ショージ黒瀬店,介護老人保健施設　もみじ園･特別養護老人ホーム　さくら園,2.2166195889681872
ショージ黒瀬店,東広島運動公園野球場,4.075369649807954
フジグラン東広島,フジグラン東広島（別棟）,0.0
フジグラン東広島,フジグラン東広島（別棟）,0.0
フジグラン東広島,松賀苑,1.2836691911901195
ショージＲ３７５バイパス店,ゆめタウン東広島（別棟）,0.5701091082962437
ショージＲ３７５バイパス店,松賀苑,1.1083638575583825
ショージＲ３７５バイパス店,高屋出張所,3.91214157002611
ゆめタウン東広島（別棟）,nan,0.6332907686328153
福富支所,多目的ホール（道の駅　湖畔の里福富）,0.3866642566961308
福富支所,向原総合福祉センターかがやき,8.528467597681109
ケアハウスあすなろ,nan,0.724324977279844
高屋出張所,東広島警察署西高屋交番,0.11773161578761437
高屋出張所,マックスバリュ高屋店,0.4450887712254367
ゆめタウン学園店,マックスバリュ西条西店,2.366152316993037
ゆめタウン学園店,有料老人ホーム　故郷　八本松,2.730214439280854
ゆめタウン学園店,東広島運動公園野球場,2.748454322668112
有料老人ホーム　故郷　八本松,西志和コミュニティハウス,7.229302007697942
東広島警察署西条駅前交番,JR西条駅,0.07198972777125823
東広島警察署西条駅前交番,nan,0.10276874394802685
東広島警察署西条駅前交番,東広島芸術文化ホール「くらら」,0.19050048100996653
マックスバリュ西条西店,JR西条駅,2.6769974557687877
多目的ホール（道の駅　湖畔の里福富）,交流館（道の駅　湖畔の里福富）,0.0
多目的ホール（道の駅　湖畔の里福富）,マックスバリュ高屋店,6.054990242627293
吉和村老人ふれあいセンター,吉和村総合福祉センター,0.0
吉和村老人ふれあいセンター,廿日市市吉和保育園,0.863656312040856
廿日市健康保健センター,新宮中央公園備蓄倉庫・便所棟,0.07827536016611454
廿日市健康保健センター,平良駅福祉便所,0.2542293706441196
廿日市商工保健会館,新宮中央公園備蓄倉庫・便所棟,0.21731057041715446
廿日市商工保健会館,ＪＲ廿日市駅前公衆トイレ,0.5270743877660466
廿日市市吉和保育園,廿日市市立津田保育園,9.597997631773698
友和公民館,津田文化センター,4.662451822622963
友和公民館,独立行政法人　国立病院機構　広島西医療センター,8.072947282400056
ＪＲ廿日市駅前公衆トイレ,公民館（中央市民センター）,0.31810098403546827
ＪＲ廿日市駅前公衆トイレ,佐方公民館,0.6908423472193196
平良駅福祉便所,廿日市市消防庁舎,0.5977899969965746
津田文化センター,廿日市市立津田保育園,0.20389670834810428
廿日市市消防庁舎,廿日市市水道局,0.7228583177328649
地御前キラキラ公園公衆便所,廿日市市水道局,1.0167303839101625
地御前キラキラ公園公衆便所,廿日市市立深江保育園,2.8464946787721876
廿日市市宮島水族館,廿日市市立深江保育園,2.3508746306957002
廿日市市立深江保育園,独立行政法人　国立病院機構　広島西医療センター,9.180148736160453
竹原市ふくしの駅,大崎上島文化センター,8.041493906465321
食彩館しょうばらゆめさくら,上野総合公園瓢山下トイレ,0.6759958685182056
市役所通りポケットパーク,庄原市役所本庁舎,0.19416111102375244
敷信みのり保育所,ジュンテンドー庄原店,1.0593514153717207
上野総合公園瓢山下トイレ,ジュンテンドー庄原店,0.6631044077591566
庄原市役所本庁舎,ジュンテンドー庄原店,0.7275564049948392
庄原市役所本庁舎,備北丘陵公園総合管理事務所,1.1056807011220984
東城斎場平安の森（増築部分）,東城自治振興センター,7.376388968715042
東城斎場平安の森（増築部分）,すずらんの湯,8.655055230178268
東城保育所,東城自治振興センター,0.02318086004518965
東城保育所,フレスタ東城店,0.33308674129583987
東城自治振興センター,ジュンテンドー東城店,0.052030493727353126
道の駅たかの,君田生涯学習センター,11.610182967335419
大竹中学校,山口銀行岩国支店,3.040788794876926
切串ふれあい公園　トイレ,江田島保健センター,2.5686003928732553
小用港旅客ターミナル,江田島中学校,0.2714102085639899
中町港旅客ターミナル,能美中学校,0.4148525421095646
中町港旅客ターミナル,江田島小学校,3.975563877892875
江田島小学校,江田島保健センター,0.37719214701972303
江田島保健センター,江田島中学校,1.301868171366605
熊野町役場,熊野町立図書館,0.1292184520419967
熊野町役場,中央ふれあい館,0.3116723696208252
西部地域健康センター,中央ふれあい館,1.6231394165616662
中央地域健康センター,熊野町立図書館,0.16809729768693546
地域資源活用総合交流促進施設,大朝保健センター,9.663366730304112
沖浦漁協観光物産館,大崎上島文化センター,2.3039276879093893
沖浦漁協観光物産館,フジ夏目店(ヴェスタ棟外1棟),24.01329521701411
せらにしタウンセンター,世羅町役場　せらにし支所,0.0006841493661777305
三次警察署八次交番,タワーパークみよしA棟（フレスタ三次店）,2.1170590596654164
三次警察署八次交番,岡田ふれあいセンター,5.576939980193117
広島東警察署府中交番,安芸府中生涯学習センターくすのきプラザ,0.4242830735640868
タワーパークみよしA棟（フレスタ三次店）,三次市福祉保健センター・三次図書館,1.0449147554849683
タワーパークみよしA棟（フレスタ三次店）,三次テニスドーム,1.8851772560317681
養護老人ホーム慈照園,君田生涯学習センター,2.6459357842881075
養護老人ホーム慈照園,三次コミュニティセンター,2.7185871547983664
サングリーン,三次市福祉保健センター・三次図書館,0.51075191575966
サングリーン,十日市コミュニティセンター,0.6747609576073845
備北丘陵公園サービス拠点施設,備北丘陵公園総合管理事務所,1.5206405816995092
備北丘陵公園サービス拠点施設,三良坂複合福祉施設,6.044711513482989
府中町ふれあい福祉センター,安芸府中生涯学習センターくすのきプラザ,0.5275680852754447
府中町ふれあい福祉センター,府中南交流センター,0.5867499482806541
府中町ふれあい福祉センター,揚倉山健康運動公園便所棟,1.624372653984545
揚倉山健康運動公園便所棟,揚倉山健康運動公園クラブハウス,0.0
吉田温水プール,安芸高田市第2庁舎,4.011299446675554
安芸高田市第2庁舎,安芸高田市民文化センター(クリスタルアージョ),0.0
備北丘陵公園総合管理事務所,北入口サイクリングセンター,0.0
三次市福祉保健センター・三次図書館,三次市民ホール,0.7890057386980869
川の駅常清,川地高齢者施設,13.556067568624796
奥田元宋・小由女美術館,三次市酒屋保育所,0.2655533259825657
三次テニスドーム,三次市酒屋保育所,0.35774395988637353
三次コミュニティセンター,十日市コミュニティセンター,1.1955515305150746
三次コミュニティセンター,川地高齢者施設,8.522989939072383
三良坂複合福祉施設,岡田ふれあいセンター,6.161685055068515
イオン光店,光市総合福祉センターあいぱーく光,3.4992911194622494
イオン光店,マックスバリュ山田店,5.029036125905129
イオン光店,中央フード　熊毛店,7.042273631219441
マックスバリュ平生店,マックスバリュ柳井店,5.8683802822074025
マックスバリュ平生店,光市総合福祉センターあいぱーく光,12.91577984144776
ながと総合体育館,三隅病院,8.66197714486427
下松市地域交流センター,周南市記念病院・老人保健施設ふくしの里,0.13599920675132018
下松市地域交流センター,特別養護老人ホームほしのさと,0.2232440859215618
下松市地域交流センター,下松スポーツ公園体育館,0.9043430962116484
特別養護老人ホームほしのさと,エディオン下松店,1.3105301797408908
周防大島町役場　大島庁舎,マックスバリュ柳井店,8.694336547491298
周防大島町役場　大島庁舎,フジ南岩国店,15.35807151737201
マックスバリュ南岩国店,フジ南岩国店,1.7736888781819766
マックスバリュ南岩国店,岩国市庁舎,1.8043797696647497
三隅病院,萩市民病院,12.849859771406994
フジ南岩国店,フジ南岩国店,0.0
マックスバリュ小野田東高泊店,おのだサンパーク,2.377308158011385
マックスバリュ小野田東高泊店,株式会社ｴﾃﾞｨｵﾝゆめﾀｳﾝ宇部店,3.3615933713781816
エディオン下松店,アルク下松店,0.05471075093028505
エディオン下松店,マックスバリュ徳山東店,3.6299682634061017
マックスバリュ山田店,下松スポーツ公園体育館,2.472190794814862
岩国市庁舎,エディオン岩国店,0.3166487402873543
エディオン岩国店,山口銀行岩国支店,0.7413306677207037
おのだサンパーク,新北九州空港旅客ターミナル,18.8258655880884
ｴﾃﾞｨｵﾝ下関店,ｳﾞｪﾙﾀﾜｰ下関,0.11130633608417316
ｴﾃﾞｨｵﾝ下関店,やまぎん史料館,1.3996726711791094
ｴﾃﾞｨｵﾝ下関店,マックスバリュ門司西店,4.415067047774295
ﾏｯｸｽﾊﾞﾘｭ稗田店,やまぎん史料館,3.5129117058108545
アイユウ（長府）,ﾏｯｸｽﾊﾞﾘｭ長府店,1.2409122298383732
ﾏｯｸｽﾊﾞﾘｭ長府店,やまぎん史料館,6.214204951464831
生活協同組合ｺｰﾌﾟやまぐち ここと宇部店,ﾏｯｸｽﾊﾞﾘｭ恩田店,0.248718755636976
生活協同組合ｺｰﾌﾟやまぐち ここと宇部店,山口宇部空港国内線ﾀｰﾐﾅﾙﾋﾞﾙ,1.804488362586737
ｳｴｽﾀまるき西岐波,山口宇部空港国内線ﾀｰﾐﾅﾙﾋﾞﾙ,4.157090562562851
ｳｴｽﾀまるき西岐波,マックスバリュ西日本（株）小郡南店,13.470785021896418
ﾌｼﾞｸﾞﾗﾝ宇部店,ﾏｯｸｽﾊﾞﾘｭ恩田店,1.0754821838658095
ﾏｯｸｽﾊﾞﾘｭ恩田店,株式会社ｴﾃﾞｨｵﾝ宇部店,0.24054841725673168
株式会社ｴﾃﾞｨｵﾝ宇部店,ﾌｧﾐｰﾕ東岐波,1.030489792439025
山口銀行宇部支店,宇部郵便局,0.2879742666054122
山口銀行宇部支店,株式会社ｴﾃﾞｨｵﾝゆめﾀｳﾝ宇部店,5.177877935384449
ﾌｧﾐｰﾕ東岐波,宇部郵便局,0.4694829696793456
新南陽市民病院,介護老人保健施設ゆめ風車,0.24921634773424756
新南陽市民病院,フジ新南陽店,0.4727493075953688
介護老人保健施設ゆめ風車,イオンタウン周南,0.5830317942942316
山口県周南総合庁舎,周南市庭球場管理事務所,2.6936280600784523
山口県周南総合庁舎,フジ新南陽店,4.6368863048646665
周南市庭球場管理事務所,マックスバリュ徳山東店,0.6975459207434955
イオンタウン周南,イオンタウン防府,19.142006088267184
防 府 市 青 少 年 科 学 館ソラール,エディオン防府店,0.5141717161316296
防 府 市 青 少 年 科 学 館ソラール,防府市地域交流センターアスピラート,0.8301496049542586
防 府 市 青 少 年 科 学 館ソラール,マックスバリュ新田店,1.7321707894630904
防府市地域交流センターアスピラート,ルルサス,0.06479506782943112
防府市地域交流センターアスピラート,イオン防府店,0.12208746179781428
イオン防府店,イオンタウン防府,1.9554780638996907
ルルサス,ルルサス駐車場,0.0
エディオン防府店,マックスバリュ防府西店,2.1930148827092553
マックスバリュ防府西店,山口銀行山口支店,11.36492121954919
アルク小郡店,マックスバリュ西日本（株）小郡南店,0.9990482974545908
アルク小郡店,マックスバリュ吉敷店,7.594480273567079
マックスバリュ吉敷店,山口銀行山口支店,4.47696303211663
マックスバリュ吉敷店,萩市民病院,17.549684907431935
萩市民病院,萩市民病院,0.0
萩市民病院,萩・福祉複合施設かがやき,0.050996574906230746
萩・福祉複合施設かがやき,デオデオ萩店,1.5263414031072675
萩市むつみコミュニティセンター,デオデオ萩店,23.343076439797976
PLANT 善通寺店,ザ・ビッグ　丸亀城南店,2.0012629312211674
PLANT 善通寺店,観音寺市立中央図書館,16.775382759806767
フジグラン丸亀　生活館･食品館･バッハ館,DCMダイキ丸亀店,0.050430425303226604
フジグラン丸亀　生活館･食品館･バッハ館,ザ・ビッグ　丸亀城南店,4.521345074085259
DCMダイキ丸亀店,イオン綾川店,10.643690446444264
観音寺市立中央図書館,四国共立病院,17.00964160687161
フジ志度店　食品館,フジ志度店　専門店棟,0.0
フジ志度店　食品館,フジ志度店　生活館,0.0
フジ志度店　食品館,フジ志度店　アミューズ棟,0.0
フジ志度店　食品館,メガマート棟,33.40030422514173
メガマート棟,マックスﾊﾞﾘｭｰ棟,0.0
メガマート棟,専門店棟,0.0
メガマート棟,フジグラン石井SC,2.5502225157209306
メガマート棟,ゆめたうん藍住店,7.129166763716081
蔵本パティオ,ゆめたうん藍住店,3.740903760713853
マックスﾊﾞﾘｭｰ棟,専門店棟,0.0
マックスﾊﾞﾘｭｰ棟,ゆめたうん藍住店,3.907108206792934
マックスﾊﾞﾘｭｰ棟,とくしま生協コープ住吉,5.847512641635741
とくしま生協コープ住吉,ザビッグエクストラ阿南店,15.81546203005007
イオン松山店,南松山病院,0.27259262901372433
コープ山根,フジ新居浜駅前店,2.028657134614519
コープ山根,サンシャイン針木,35.42309980405247
コープ神郷,フジ新居浜駅前店,3.68846222817063
コープひさえだ,コープ三津,1.7144376469648708
コープひさえだ,まつやまRe･再来館,3.3757239422176486
コープひさえだ,フジ夏目店(ヴェスタ棟外1棟),6.819710979782404
松山観光港ターミナルビル,フジ松江店,2.696911245882175
伊予鉄ターミナルビル,南松山病院,1.4865057692416992
伊予鉄ターミナルビル,まつやまRe･再来館,1.5273804792730128
イオンモール新居浜,イオンモール新居浜,0.0
イオンモール新居浜,フジ新居浜駅前店,2.505633287898875
フジ松江店,コープ三津,1.4064248228058953
フジ夏目店(ヴェスタ棟外1棟),フジ夏目店(カジュアル棟),0.0
フジ古川店,南松山病院,1.6864555667468355
高知市新清掃工場余熱利用施設,栄田町コミュニティ住宅1号棟,4.6982345754003445
高知市新清掃工場余熱利用施設,サンシャイン針木,6.330122516504591
栄田町コミュニティ住宅1号棟,栄田町コミュニティ住宅2号棟,0.026036470590308083
栄田町コミュニティ住宅2号棟,（仮称）ＶＥＳＴＡ高知桜井町店,1.3577773251180034
ザ・モール小倉,サンリブシティ小倉,2.8229961237023433
ザ・モール小倉,マックスバリュ門司西店,4.164114222305208
ザ・モール小倉,新北九州空港旅客ターミナル,10.985201959892366
小倉駅ビル,財団法人　平成紫川会　社会保険小倉記念病院,0.2743046717165347
小倉駅ビル,井筒屋本店新館,0.4971428460948642
東京第一ホテル小倉,総合保健福祉センター,0.1494866917687065
東京第一ホテル小倉,井筒屋本店新館,0.22126796440833454
若松区役所保健福祉センター･若松中央市民福祉センター,ベイサイドプラザ若松,0.3821119731376941
若松区役所保健福祉センター･若松中央市民福祉センター,戸畑サティ,1.1616400924551733
北九州メディアドーム,香春口三萩野地区メディカルサポートハウジング,0.8453987441420088
北九州メディアドーム,（仮称）イズミ小倉南店,2.34718228955943
エフコープ生活協同組合　久留米店,ゆめタウン久留米,2.916923485181848
エフコープ生活協同組合　久留米店,ゆめマート柳川,14.447201357266394
新栄病院,マックスバリュ小倉愛宕店,1.3543315468074517
井筒屋本店新館,リバーウォーク北九州,0.3197209694050912
廣瀬クリニック,戸畑区役所（複合建築物）,1.4081568455325948
廣瀬クリニック,マックスバリュ小倉愛宕店,2.575722485906073
戸畑サティ,ウェルとばた,0.30917258225332495
戸畑サティ,イオン八幡東ショッピングセンター,2.0948685817635138
マックスバリュー田主丸店,ゆめタウン久留米,15.680032956166666
ベイサイドプラザ若松,ベイサイドプラザ若松アネックス,0.0
総合保健福祉センター,デオデオ小倉本店,0.10400406286352559
香春口三萩野地区メディカルサポートハウジング,デオデオ小倉本店,0.5839085873859561
大牟田市エコサンクセンター,イオンモール大牟田ショッピングモール,1.2357963960058247
大牟田市エコサンクセンター,ヤマダ電機大牟田店,1.803815431150787
ゆめタウン大牟田,ヤマダ電機大牟田店,1.5500334938385743
ウェルとばた,戸畑区役所（複合建築物）,0.8782195528178423
（仮称）ジャスコ二島ショッピングセンター,イオン若松ショッピングセンター（増築）,0.0
（仮称）ジャスコ二島ショッピングセンター,（仮称）イオンタウン黒崎,3.0284203727422305
ゆめタウン久留米,マックスバリュ鳥栖村田店,6.814615931092621
リバーウォーク北九州,マックスバリュ小倉愛宕店,1.1256038120629934
ヤマダ電機大牟田店,ゆめマート柳川,8.162424458658954
サンリブシティ小倉,（仮称）イズミ小倉南店,1.8784042898486542
マックスバリュ上の原店,（仮称）イオンタウン黒崎,2.045583816649891
マックスバリュ上の原店,イズミ新宮店,35.40231682379911
イオン八幡東ショッピングセンター,（仮称）イオンタウン黒崎,5.68039284168251
（仮称）イオンモール筑紫野,福岡徳洲会病院,9.860842758022992
（仮称）イオンモール筑紫野,マックスバリュ鳥栖村田店,10.239332404641859
イオンモール大牟田ショッピングモール,ロックタウン荒尾,2.256496904525517
イズミ新宮店,福岡徳洲会病院,12.088761842037021
ゆめマート柳川,マックスバリュ南佐賀店,13.378759723478272
イオンモール佐賀大和,イオンシネマ佐賀大和,0.2810071307790287
イオンシネマ佐賀大和,アイ・フォレスト,2.9870610642049398
ｉスクエアビル,アイ・フォレスト,0.7095248223691079
ｉスクエアビル,マックスバリュ巨勢店,2.0940637156602824
モラージュ佐賀,マックスバリュ巨勢店,0.5346324771684938
モラージュ佐賀,マックスバリュ南佐賀店,0.8246996402651782
マックスバリュ伊万里駅前店,イオン佐世保白岳店,16.338309241835972
マックスバリュ伊万里駅前店,済生会唐津病院,16.412782795320286
イオンスーパーセンター佐賀店,マックスバリュ南佐賀店,1.6088186370454651
済生会唐津病院,マックスバリュ唐津店,2.684373783123228
マックスバリュ武雄店,マックスバリュ唐津店,17.21075237223602
マックスバリュ武雄店,ホームワイド溝陸店,25.563519196756797
アイ・フォレスト,（仮称）ゆめマート佐賀中央店,0.9609572522728292
佐賀県医療センター好生館,（仮称）ゆめマート佐賀中央店,2.7111816992784505
諫早市中央体育館,マックスバリュウ諫早中央店,2.290767489447002
諫早市中央体育館,ホームワイド溝陸店,2.8232051867145027
ホームワイド溝陸店,長崎県済生会病院,15.382711901713396
マックスバリュウ諫早中央店,特別養護老人ホーム　楽洋の里,23.088953276561494
長崎リハビリテーション病院,長崎県済生会病院,0.9953745479923716
長崎リハビリテーション病院,長崎ターミナルビル（アミュプラザ）,1.1812588408297269
ビックベア動物病院,ファミーユ長嶺,1.048000935763672
ビックベア動物病院,デイサービスセンター白樺,2.0164483542342717
ファミーユ花立,ヘアメイクアモ,1.5011536410438848
関歯科医院,ファミーユ横手,1.2701138774852727
関歯科医院,いしはら皮膚科,1.5654832330174833
関歯科医院,ヤマダ電機／テックランド熊本春日店,1.5842129882550542
関歯科医院,アクテｨ熊本／サニー南熊本店,2.264050454961718
ヘアメイクアモ,ＡＲＣＨ of hair kumamoto,1.7687913964241566
牧野けんじ皮膚科医院,メルパルク熊本,0.37280070992168907
牧野けんじ皮膚科医院,川原整形外科医院,2.143733017702787
牧野けんじ皮膚科医院,竹下歯科医院,4.24754052743898
メルパルク熊本,くまもと県民交流館パレア,0.21856667954503134
エブリワンマートタブリエ託麻店,ファミーユ龍田,0.9904967414165425
エブリワンマートタブリエ託麻店,ＡＲＣＨ of hair kumamoto,1.4222010096448836
エブリワンマートタブリエ託麻店,ファミーユ長嶺,1.4560348527607359
デイサービスセンター白樺,デイリーヤマザキ益城辻の城店,2.93165052963722
ＡＲＣＨ of hair kumamoto,沢田内科医院,1.4707498890395034
くまもと県民交流館パレア,びぷれす熊日会館,0.1695948395194706
くまもと県民交流館パレア,アクテｨ熊本／サニー南熊本店,0.90042321921143
野津原内科医院,川原整形外科医院,1.0405958671086208
沢田内科医院,熊本テルサ,1.186649873485068
竹下歯科医院,植木町国民健康保険植木病院,2.864752088938038
竹下歯科医院,いけざわこどもクリニック,3.497018485074871
川原整形外科医院,熊本テルサ,1.0051295983530824
ゆめタウンはません,アクテｨ熊本／サニー南熊本店,1.8979488796952562
ゆめタウンはません,たなか内科眼科,2.398805676447144
ムサシ歯科クリニック,山岡胃腸科クリニック,1.517174050058296
ムサシ歯科クリニック,ファミーユ長嶺,2.179583734545111
ゆめタウン光の森店,山岡胃腸科クリニック,0.6453889513765114
ゆめタウン光の森店,菊陽町総合交流ターミナル施設,2.4283404250732707
美容室「みらい」,天然温泉　ペルラの湯舟,1.8338359144074643
浜石油楠浦ＳＳ,美容室ＤＥＪＡＶＵ,0.8596193382616417
浜石油楠浦ＳＳ,ジャスコ本渡店,2.369958672925128
天然温泉　ペルラの湯舟,パッソ･ア･パッソ,1.7715978126244238
美容室ＤＥＪＡＶＵ,御所浦苑,15.47429854138236
パッソ･ア･パッソ,スーパーセンターＴＡＩＹＯ本渡店,0.6386561319788366
パッソ･ア･パッソ,ジャスコ本渡店,2.2853325463869973
ジャスコ本渡店,新和ショッピングセンター　サンスマイル,4.584569403693024
宮崎外科胃腸科医院,イオン八代ショッピングセンター,17.74711534948471
福本病院,新和ショッピングセンター　サンスマイル,21.160286173056967
特別養護老人ホーム　楽洋の里,シープル苓北ショッピングセンター,1.6645225639270977
特別養護老人ホーム　楽洋の里,スーパーセンターＴＡＩＹＯ本渡店,13.456758815278544
植木町国民健康保険植木病院,平田病院,5.107698737373735
吉野整形外科,山本泌尿器科医院,1.2975159570653947
山本泌尿器科医院,介護老人保健施設ひまわり,0.8601297816384389
山本泌尿器科医院,ダイヤモンドシティ熊本南,7.896782281208194
ダイヤモンドシティ熊本南,守田斎場八代北斎場,6.119253080821343
ロックタウン荒尾,緑ヶ丘郵便局,3.979064476822967
緑ヶ丘郵便局,あらおシティモール,0.21010400421864933
あらおシティモール,ニコニコ堂天水店,14.472907929233212
ニコニコ堂天水店,平田病院,8.920160574192078
介護老人保健施設ひまわり,いしはら皮膚科,5.832196603846371
菊陽町総合交流ターミナル施設,菊陽町総合福祉支援センター,2.6130454066898134
菊陽町総合福祉支援センター,山本胃腸科内科クリニックApil,0.1576222200900982
九州電力大津営業所,竹田津病院,0.621657174583112
九州電力大津営業所,にしはらケアコミュニティそよ風,3.5730523994172483
山本胃腸科内科クリニックApil,竹田津病院,4.191784427245064
山岡胃腸科クリニック,緒方整形外科,0.2778998639510143
にしはらケアコミュニティそよ風,矢部町保健福祉センター,15.897163662358933
にしはらケアコミュニティそよ風,ファミリーマート阿蘇乙姫店,19.549541983552963
ひめゆりの里・朋遊館,九州電力一の宮営業所,18.65921768695992
ひめゆりの里・朋遊館,マリーンパレス,43.81109694928535
ファミリーマート阿蘇乙姫店,九州電力一の宮営業所,6.940743147045409
ダイヤモンドシティクレア,紳士服販売店はるやま,0.2662897486822927
紳士服販売店はるやま,たなか内科眼科,0.8617612071889904
マックスバリュ八代店,高野整形外科医院,0.4456769915371989
マックスバリュ八代店,守田葬儀社松江斎場,0.7324741156932564
マックスバリュ八代店,ゆめタウン八代店,1.4972147000428084
守田斎場八代北斎場,くらし館海士江店,4.280222473534989
ゆめタウン八代店,イオン八代ショッピングセンター,1.4177029968389205
ゆめタウン八代店,井上病院,17.146582763705013
エビス薬局,バルビエレイルストラーダ,0.4593370498445951
エビス薬局,渡辺歯科医院,0.6308404098845662
バルビエレイルストラーダ,合ノ原公民館,24.61222289235896
高野整形外科医院,木屋内科胃腸科,0.37795786089920036
ヘアーカベロ,木屋内科胃腸科,0.7998859263251296
ヘアーカベロ,渡辺歯科医院,1.1449951114216808
渡辺歯科医院,くらし館海士江店,0.8784499047231599
木屋内科胃腸科,熊本県信用保証協会八代支所,0.555465007344833
井上病院,津奈木町美術館,7.415605684220382
津奈木町美術館,水光社津奈木支店,0.4291318751226672
水光社津奈木支店,水俣市総合もやい直しセンター,5.3947677904054885
熊本県労働金庫水俣支店,水俣市総合もやい直しセンター,0.8451631183309719
熊本県労働金庫水俣支店,御所浦苑,11.779642695458168
武末歯科医院,熊本県労働金庫人吉支店,0.1435600777987973
武末歯科医院,犬童医院,15.339681312798088
熊本県労働金庫人吉支店,たかはし小児科医院,1.3076282194212194
熊本県労働金庫人吉支店,合ノ原公民館,1.452242943453186
増田耳鼻咽喉科クリニック,犬童医院,0.5418572970567197
増田耳鼻咽喉科クリニック,仁田畑クリニック,5.0721317935052115
たかはし小児科医院,まごし館（伊佐市菱刈総合保健福祉センター）,18.386010026769203
コミュニティ羽田7番館,マックスバリュ桜坂店,1.3124203574060886
コミュニティ羽田7番館,パークプレイス大分,2.8623303714355255
谷川医院デイケア,マックスバリュ桜坂店,2.018858419620749
トキハわさだタウン,トキハわさだタウン,0.0
トキハわさだタウン,大分法局総合庁舎,4.844204866734519
トキハわさだタウン,マリーンパレス,7.287221627391958
マリーンパレス,うみたまご（旧マリーンパレス）,0.0
大分法局総合庁舎,マックスバリュ九州株式会社,2.842555359300049
マックスバリュ桜坂店,マックスバリュ九州株式会社,0.6620564109687677
日南市保健福祉総合センター,串間市国民健康保険病院,20.45510805975615
海老原病院,高鍋町健康づくりセンター,1.2845874581808332
海老原病院,日向サンパーク温泉,19.855052655278854
高鍋町健康づくりセンター,綾町図書館,29.38633633315824
串間市国民健康保険病院,メディカルシティ東部病院,23.23829188041732
綾町多目的屋内練習場,綾町図書館,1.9534004963431977
綾町図書館,メディカルシティ東部病院,25.990120013040787
カルチャープラザのべおか,延岡市新庁舎,0.6157745293780919
カルチャープラザのべおか,イオン多々良店,0.6718615027019847
イオン延岡店,ホテルメリージュ延岡,0.8755932913429686
イオン延岡店,マックスバリュ南延岡店,1.3167192477288578
マックスバリュ岡富店,ホテルメリージュ延岡,0.8453446944528843
ホテルメリージュ延岡,延岡市新庁舎,0.6956259255936766
マックスバリュ南延岡店,ふくじゅそう,9.006932423999118
日向市南日向公民館,サンドーム日向,1.9668459724536966
日向市南日向公民館,日向サンパーク温泉,2.069945853404038
サンドーム日向,千代田病院,2.8770636122703452
日向市大王谷公民館・児童館,ふくじゅそう,1.0287151930673577
日向市大王谷公民館・児童館,千代田病院,1.783794301734765
イオンモール都城駅前,メディカルシティ東部病院,2.688274686075405
イオンモール都城駅前,ｽｰﾊﾟｰｾﾝﾀｰﾆｼﾑﾀ岩川店,14.823952065337972
かごしま近代文化館,かごしまメルヘン館,0.024245498237777812
ふるさと考古歴史館,和田福祉館,1.114001495869475
ダイエー,N'ｓcity谷山店,0.7665086801263984
ダイエー,和田福祉館,0.8330671061042976
ダイエー,喜入支所・喜入公民館,10.042574687572799
県民健康プラザ,ｽｰﾊﾟｰｾﾝﾀｰﾆｼﾑﾀ岩川店,19.455512328210524
県民健康プラザ,指宿税務署,26.83736329434315
特別養護老人ホーム,カヌチャコミュニティ有料老人ホーム,211.5228196849073
特別養護老人ホーム,指宿税務署,233.28775401093282
まごし館（伊佐市菱刈総合保健福祉センター）,県立鹿児島養護学校,27.27305834252892
スーパーセンター　ニシムタ伊集院店　新築工事,かごしま文化工芸村,10.097621914101529
スーパーセンター　ニシムタ伊集院店　新築工事,ｽｰﾊﾟｰｾﾝﾀｰﾆｼﾑﾀ上川内店,19.607501807523455
指宿税務署,喜入支所・喜入公民館,15.05910771605644
かごしまメルヘン館,市本庁舎西別館,0.44365921985414764
かごしまメルヘン館,慈愛の郷,1.2810797061586119
桜島フェリーターミナル,かごしま市民福祉プラザ,0.6757322505379249
ハートピアかごしま,環境未来館,1.3108678142562131
かごしま市民福祉プラザ,かごしま県民交流センター,0.03989432477417298
かごしま市民福祉プラザ,市本庁舎西別館,0.2002333803108829
鹿児島市知的障害者福祉センター,かごしま文化工芸村,1.5001503439511565
鹿児島市知的障害者福祉センター,谷山北公民館,1.8743227048647024
高齢者福祉センター谷山,南部保健センター・南部親子つどいの広場,0.18590436636813365
高齢者福祉センター谷山,谷山北公民館,1.8628126744731532
サンエールかごしま,慈愛の郷,0.24026937023065134
サンエールかごしま,市立病院,0.8026956037829307
サンエールかごしま,鹿児島市保健・急病センター,1.0550331502404804
かごしま県民交流センター,高齢者福祉センター吉野・北部保健センター,3.420875638308872
宇宿中間福祉館,イオンモール鹿児島,2.1460559436505218
宇宿中間福祉館,市立病院,2.313145303610535
鹿児島ふれあいスポーツランド,谷山北公民館,0.9252846443440862
和田福祉館,南部保健センター・南部親子つどいの広場,0.9620869268385103
鹿児島市保健・急病センター,鴨池市民プール,0.2623406219473421
アミュプラザ鹿児島本館,市立病院,0.7531868064053331
アミュプラザ鹿児島本館,環境未来館,0.8776050747522242
高齢者福祉センター吉野・北部保健センター,県立鹿児島養護学校,1.02211051390322
イオンモール鹿児島,N'ｓcity谷山店,1.913488709910904
豊見城ウイングシティー,イオンタウン糸満武富A棟,0.7666922453885799
豊見城ウイングシティー,叙々苑,1.0128651124221364
豊見城ウイングシティー,マックスバリュ小禄店,1.878561603635949
宮古空港ターミナルビル,マックスバリュ宮古店,1.230997293325638
宮古空港ターミナルビル,（仮称）イオンタウン宮古南ショッピングセンターＡ棟新築工事,1.7615503919114108
スカイレーン,メイクマン豊見城,1.0637396401876353
スカイレーン,マックスバリュ宮古店,276.76426944355126
にこにこ整形外科,（仮称）マックスバリュ壷川店,0.14034802003714103
マックスバリュ安謝店,コープおきなわ那覇新都心店,0.7352226551761548
ネーブルカデナ,沖縄トヨタ自動車,2.0831077479118334
北谷ショッピングセンター（ジャスコ）,沖縄トヨタ自動車,0.8630168132609427
北谷ショッピングセンター（ジャスコ）,サンエー大山シティ,1.897017937117318
北谷ショッピングセンター（ジャスコ）,サンエー具志川メインシティ,8.162223303566204
サンエーつかざんシティー,沖縄南部徳洲会病院,1.0800043340270225
サンエーつかざんシティー,叙々苑,1.5549521790401906
サンエーつかざんシティー,（仮称）県立高度多機能病院,1.9163064554545428
マックスバリュ小禄店,（仮称）サンエーうえばる団地店（食品館）,0.12244999213876125
マックスバリュ小禄店,（仮称）マックスバリュ壷川店,1.3681018475453555
宜野湾ベイサイドシティー,サンエー大山シティ,0.45756878629520426
宜野湾ベイサイドシティー,（仮称）サンエーV21食品館佐真下店新築工事,1.8515868157784179
サンエー那覇メインプレイス,サンエー那覇メインプレイス*増築,0.0
サンエー那覇メインプレイス,那覇市上下水道局庁舎,0.15951361278078965
サンエー那覇メインプレイス,沖縄県立博物館・美術館,0.2568405303653933
サンエー那覇メインプレイス,サンエーV21食品館まかび店,1.0419605854538452
イオンタウン石川,サンエー具志川メインシティ,5.290189559334132
イオンタウン石川,かりゆしブセナリゾート＆スパ,14.15678031526492
サンエー西原シティ,サンエー西原シティ＊計画変更,0.0
サンエー西原シティ,西原町立図書館,0.5814399785337456
サンエー西原シティ,イオンタウン佐敷,2.7564495330458163
イオンタウン佐敷,沖縄メディカル病院,0.9928640121732225
石垣島徳洲会病院,石垣島徳洲会病院＊計画変更,0.0
石垣島徳洲会病院,マックスバリュ平得店,1.1385000051668865
石垣島徳洲会病院,（仮称）イオンタウン宮古南ショッピングセンターＡ棟新築工事,124.38189540508614
西原町立図書館,西原町庁舎等複合施設,0.16593223579638255
（仮称）県立高度多機能病院,イオン南風原ショッピングセンター,1.4337994562855974
（仮称）県立高度多機能病院,サンエーきょうづかシティ,2.1835033421288066
イオン南風原ショッピングセンター,イオン南風原ショッピングセンター＊計画変更,0.0
沖縄南部徳洲会病院,（仮称）サンエー八重瀬シティ,1.967186006851319
イオンタウン豊見城,メイクマン豊見城,0.23041789122032066
イオンタウン豊見城,（仮称）サンエーうえばる団地店（食品館）,1.3666261869550747
イオンタウン豊見城,TOMITON,1.4309814035755497
TOMITON,サンエー糸満シティ,2.0884073628388578
カヌチャコミュニティ有料老人ホーム,サンエーV21　いさがわ食品館,10.630018692800178
イオンタウン糸満武富A棟,イオンタウン糸満武富A棟＊計画変更,0.0
西原町庁舎等複合施設,西原町庁舎等複合施設,0.0
西原町庁舎等複合施設,西原町庁舎等複合施設,0.0
西原町庁舎等複合施設,（仮称）サンエーV21食品館佐真下店新築工事,2.7684070847450495
本部町民体育館,イオン名護ショッピングセンター,10.908916806104042
イオン名護ショッピングセンター,サンエーV21　いさがわ食品館,1.7846730577688827
イオン名護ショッピングセンター,かりゆしブセナリゾート＆スパ,7.679966103954574
J　PARK　DINO,サンエー具志川メインシティ,0.2631029050409826
コープおきなわ那覇新都心店,沖縄県立博物館・美術館,0.19418600174943776
サンエー大山シティ,サンエー大山シティ※計画変更,0.0
サンエーST宮古増築工事,サンエーST宮古増築工事  *計画変更,0.0
サンエーST宮古増築工事,サンエーST宮古増築工事,0.0
サンエーST宮古増築工事,（仮称）イオンタウン宮古南ショッピングセンターＡ棟新築工事,0.8966245691735346
マックスバリュー牧志店,糸数病院,0.221203278246593
マックスバリュー牧志店,那覇市新庁舎,1.3457335359822984
宜野座村多目的広場,かりゆしブセナリゾート＆スパ,5.303721785189329
那覇市上下水道局庁舎,那覇市上下水道局庁舎＊計画変更,0.0
那覇市上下水道局庁舎,糸数病院,0.3129666462906106
糸数病院,糸数病院＊計画変更,0.0
サンエー糸満シティ,サンエー糸満シティ（外食棟）,0.0
サンエーきょうづかシティ,メイクマン浦添本店新築工事＊計画変更,2.0507433187361466
ヤマダ電機テックランド浦添店,メイクマン浦添本店新築工事＊計画変更,0.6033280006945048
ヤマダ電機テックランド浦添店,（仮称）サンエー宜野湾コンベンションシティ,1.773906965544186
那覇市新庁舎,那覇市新庁舎＊計画変更,0.0
那覇市新庁舎,（仮称）マックスバリュ壷川店,0.649690567389696
（仮称）サンエー宜野湾コンベンションシティ,（仮称）サンエーV21食品館佐真下店新築工事,2.368804616774098
イオンタウン南城,（仮称）サンエー八重瀬シティ,1.8447602309548385
